,epoch,PE_16000,vix_close,CE_16050,PE_15950,CE_16100,PE_15900,CE_16150,PE_15850,CE_16200,PE_15800,CE_16250,PE_15750,CE_16300,PE_15700,CE_16350,PE_15650,CE_16400,PE_15600,CE_16450,PE_15550,CE_16500,PE_15500,CE_16550,PE_15450,CE_16600,nifty_open,nifty_high,nifty_low,nifty_close,nifty_volume
0,1657770300,55.45,18.34,43.1,36.25,26.3,23.1,14.95,13.9,7.8,8.0,3.65,4.3,1.95,2.4,1.35,1.4,1.2,0.95,1.05,0.8,0.9,0.75,0.9,0.65,0.8,16018.85,16031.1,15993.7,16022.5,0
1,1657770360,58.85,18.48,36.0,38.05,20.8,23.65,10.7,13.95,5.25,7.9,2.35,4.2,1.5,2.2,1.15,1.3,1.05,0.95,0.9,0.75,0.8,0.7,0.7,0.65,0.75,16023.35,16025.25,16009.1,16009.1,0
2,1657770420,56.85,18.48,37.25,37.25,21.8,23.35,11.45,14.1,5.65,8.3,2.45,4.6,1.45,2.5,1.1,1.5,0.95,1.1,0.85,0.75,0.75,0.7,0.7,0.6,0.7,16008.75,16017.35,16003.5,16012.05,0
3,1657770480,51.55,18.42,41.55,33.15,24.5,20.6,13.1,12.1,6.6,7.15,2.9,4.05,1.55,2.4,1.1,1.4,1.0,0.95,0.85,0.7,0.75,0.7,0.7,0.6,0.65,16012.0,16026.2,16012.0,16025.9,0
4,1657770540,49.5,18.44,41.9,31.6,24.65,19.65,13.15,11.45,6.4,6.8,2.75,3.85,1.5,2.25,1.05,1.3,0.95,0.95,0.85,0.75,0.8,0.65,0.8,0.55,0.7,16026.0,16027.9,16018.6,16024.85,0
5,1657770600,44.6,18.34,46.75,27.8,27.5,16.85,14.7,9.85,7.0,5.8,2.9,3.2,1.6,1.95,1.1,1.25,1.0,0.95,0.85,0.8,0.8,0.7,0.75,0.6,0.7,16025.7,16039.3,16025.7,16038.85,0
6,1657770660,45.65,18.3,45.4,28.6,26.65,17.55,14.05,10.2,6.65,5.85,2.7,3.25,1.55,1.95,1.1,1.25,0.95,0.95,0.85,0.8,0.8,0.7,0.75,0.6,0.7,16038.95,16041.35,16032.8,16035.2,0
7,1657770720,47.3,18.28,41.7,29.65,23.9,18.1,12.3,10.4,5.7,5.95,2.35,3.3,1.3,1.85,1.05,1.25,0.9,0.9,0.8,0.75,0.8,0.7,0.7,0.6,0.6,16034.6,16034.6,16024.0,16024.45,0
8,1657770780,48.3,18.29,40.15,30.25,22.7,18.45,11.4,10.65,5.2,6.15,2.15,3.45,1.3,2.1,0.95,1.3,0.85,0.9,0.75,0.8,0.75,0.65,0.65,0.55,0.65,16025.2,16029.85,16020.7,16021.15,0
9,1657770840,51.15,18.29,37.15,32.4,21.05,19.85,10.8,11.35,5.05,6.4,2.05,3.55,1.25,2.05,0.95,1.4,0.85,0.95,0.75,0.7,0.7,0.7,0.65,0.6,0.65,16021.55,16021.95,16010.1,16012.65,0
10,1657770900,54.8,18.31,34.05,34.3,19.0,20.85,9.7,12.05,4.6,6.75,1.9,3.75,1.15,2.2,0.95,1.4,0.85,0.95,0.75,0.8,0.75,0.7,0.65,0.6,0.6,16012.9,16015.3,16003.85,16004.45,0
11,1657770960,53.7,18.3,33.8,33.75,18.95,20.3,9.65,11.5,4.55,6.5,1.85,3.55,1.2,2.1,0.95,1.35,0.85,0.9,0.75,0.8,0.75,0.7,0.65,0.6,0.65,16005.15,16010.0,16004.65,16005.3,0
12,1657771020,52.75,18.32,33.3,32.8,18.45,19.65,9.35,10.9,4.3,6.1,1.8,3.3,1.15,2.05,0.95,1.35,0.85,0.9,0.75,0.75,0.75,0.65,0.65,0.55,0.6,16004.5,16008.35,16003.6,16003.65,0
13,1657771080,53.9,18.34,32.0,33.7,17.75,20.3,8.95,11.35,4.15,6.4,1.75,3.5,1.1,2.1,0.9,1.4,0.8,0.95,0.7,0.75,0.7,0.75,0.65,0.6,0.6,16003.75,16004.3,15997.2,16001.9,0
14,1657771140,52.05,18.28,33.25,32.25,18.45,19.2,9.3,10.75,4.35,6.1,1.8,3.45,1.1,2.15,0.9,1.4,0.85,0.9,0.75,0.8,0.7,0.75,0.65,0.55,0.6,16001.2,16006.0,15998.2,16005.4,0
15,1657771200,48.25,18.26,35.3,29.6,19.45,17.4,9.75,9.75,4.4,5.6,1.8,3.2,1.25,2.0,0.9,1.3,0.85,0.9,0.75,0.75,0.7,0.65,0.65,0.55,0.55,16005.5,16014.6,16001.95,16013.65,0
16,1657771260,45.8,18.24,36.75,27.8,20.6,16.3,10.4,9.2,4.9,5.35,2.1,3.15,1.25,2.0,1.0,1.3,0.85,0.95,0.75,0.8,0.7,0.65,0.65,0.6,0.55,16013.95,16024.1,16012.35,16024.1,0
17,1657771320,48.85,18.25,33.95,29.9,18.75,17.65,9.4,10.0,4.45,5.75,2.05,3.25,1.25,2.05,0.95,1.25,0.85,1.0,0.7,0.75,0.65,0.7,0.65,0.6,0.55,16024.3,16025.2,16015.8,16017.1,0
18,1657771380,41.9,18.26,39.9,25.25,22.15,15.0,11.25,8.45,5.2,4.95,2.15,2.85,1.4,1.85,1.0,1.25,0.85,0.95,0.7,0.75,0.65,0.65,0.65,0.6,0.5,16015.95,16036.85,16014.75,16035.75,0
19,1657771440,38.6,18.27,43.15,23.25,24.3,13.9,12.1,8.0,5.5,4.7,2.25,2.8,1.35,1.8,0.95,1.2,0.85,0.9,0.7,0.75,0.65,0.65,0.6,0.55,0.5,16036.05,16047.65,16035.95,16040.55,0
20,1657771500,37.55,18.27,49.0,22.75,28.25,13.65,14.55,7.8,6.75,4.6,2.8,2.8,1.55,1.7,1.05,1.2,0.85,0.85,0.7,0.7,0.65,0.65,0.65,0.6,0.5,16041.0,16049.4,16041.0,16047.6,0
21,1657771560,38.25,18.29,46.35,23.25,26.7,13.8,13.6,7.85,6.15,4.55,2.5,2.75,1.4,1.75,1.05,1.25,0.8,0.9,0.7,0.75,0.7,0.7,0.6,0.6,0.55,16047.8,16047.8,16033.25,16038.25,0
22,1657771620,39.25,18.31,45.5,23.7,26.2,14.2,13.25,8.1,6.0,4.7,2.45,2.8,1.35,1.8,0.95,1.3,0.85,0.95,0.7,0.75,0.65,0.7,0.6,0.6,0.55,16038.3,16039.9,16032.1,16036.1,0
23,1657771680,38.15,18.3,46.9,22.95,26.9,13.55,13.7,7.65,6.2,4.55,2.5,2.9,1.45,1.85,0.95,1.25,0.8,1.0,0.65,0.75,0.6,0.65,0.55,0.6,0.5,16036.2,16040.45,16035.3,16039.05,0
24,1657771740,39.65,18.3,46.75,23.9,26.75,14.15,13.55,7.9,6.1,4.65,2.5,2.85,1.4,1.95,0.95,1.3,0.8,1.0,0.65,0.8,0.65,0.7,0.6,0.6,0.5,16038.75,16041.2,16034.3,16035.95,0
25,1657771800,37.3,18.31,48.0,22.0,27.45,13.1,13.75,7.4,6.2,4.4,2.55,2.75,1.4,1.85,1.0,1.25,0.85,0.95,0.65,0.8,0.6,0.7,0.6,0.6,0.45,16036.0,16040.05,16033.05,16039.95,0
26,1657771860,37.8,18.32,47.5,22.55,27.2,13.3,13.65,7.6,6.15,4.5,2.55,2.75,1.4,1.9,1.0,1.3,0.75,0.95,0.7,0.8,0.6,0.65,0.6,0.6,0.5,16039.75,16041.2,16036.1,16040.8,0
27,1657771920,36.2,18.3,49.55,21.5,28.8,12.55,14.45,7.1,6.55,4.2,2.65,2.6,1.4,1.8,0.95,1.35,0.8,1.0,0.7,0.85,0.6,0.7,0.6,0.6,0.5,16040.45,16043.25,16038.05,16043.25,0
28,1657771980,38.25,18.32,46.0,22.75,26.4,13.5,13.25,7.55,6.05,4.35,2.55,2.65,1.4,1.75,0.9,1.2,0.8,0.95,0.65,0.8,0.6,0.65,0.55,0.6,0.45,16043.3,16044.3,16037.25,16038.4,0
29,1657772040,39.0,18.34,43.55,23.45,24.85,13.7,12.35,7.75,5.5,4.5,2.35,2.7,1.35,1.85,0.9,1.2,0.7,0.95,0.65,0.8,0.6,0.7,0.55,0.6,0.45,16037.95,16038.25,16030.85,16033.3,0
30,1657772100,39.75,18.34,43.55,23.75,24.8,13.75,12.3,7.65,5.6,4.45,2.35,2.6,1.3,1.8,0.9,1.2,0.7,0.9,0.6,0.8,0.55,0.75,0.6,0.55,0.45,16033.05,16040.25,16033.05,16036.7,0
31,1657772160,38.5,18.33,45.3,23.05,26.0,13.4,13.0,7.45,5.9,4.4,2.4,2.5,1.3,1.75,0.9,1.25,0.7,0.9,0.65,0.8,0.55,0.65,0.55,0.55,0.45,16036.9,16038.5,16036.4,16037.6,0
32,1657772220,36.35,18.34,47.4,21.35,27.3,12.3,13.85,6.8,6.25,3.95,2.5,2.35,1.35,1.65,0.9,1.15,0.7,0.85,0.6,0.8,0.55,0.65,0.5,0.6,0.5,16037.6,16040.45,16037.6,16040.45,0
33,1657772280,38.45,18.33,45.45,22.85,25.85,13.15,12.9,7.2,5.9,4.2,2.5,2.5,1.35,1.65,0.9,1.15,0.65,0.9,0.6,0.8,0.5,0.7,0.5,0.55,0.45,16041.1,16041.85,16037.35,16038.15,0
34,1657772340,34.75,18.33,49.95,20.5,28.6,12.05,14.4,6.85,6.55,4.05,2.65,2.5,1.35,1.65,0.85,1.2,0.7,0.9,0.6,0.8,0.55,0.7,0.5,0.55,0.5,16038.95,16047.15,16037.25,16046.4,0
35,1657772400,34.55,18.32,51.2,20.45,29.65,11.9,15.05,6.75,6.7,4.0,2.7,2.4,1.4,1.65,0.9,1.2,0.7,0.85,0.6,0.8,0.55,0.7,0.5,0.55,0.45,16046.95,16053.85,16046.15,16049.0,0
36,1657772460,32.65,18.3,53.0,19.2,30.9,11.2,15.55,6.4,6.8,3.95,2.7,2.4,1.4,1.55,0.9,1.15,0.7,0.85,0.6,0.75,0.5,0.65,0.45,0.55,0.45,16049.7,16054.2,16048.05,16051.95,0
37,1657772520,32.3,18.29,53.35,18.85,31.15,10.75,15.9,6.0,7.1,3.65,2.9,2.25,1.45,1.55,0.95,1.1,0.7,0.85,0.55,0.75,0.55,0.65,0.45,0.55,0.45,16052.2,16058.1,16050.15,16053.85,0
38,1657772580,32.95,18.28,52.6,19.2,30.55,11.0,15.55,6.1,7.0,3.7,2.8,2.2,1.45,1.5,0.95,1.1,0.65,0.8,0.6,0.7,0.5,0.65,0.5,0.5,0.45,16053.4,16054.45,16049.75,16054.3,0
39,1657772640,31.15,18.25,54.65,18.25,32.1,10.6,16.45,6.0,7.35,3.75,3.0,2.3,1.45,1.55,0.9,1.1,0.7,0.85,0.6,0.7,0.5,0.65,0.5,0.55,0.4,16054.1,16055.35,16049.3,16055.05,0
40,1657772700,29.1,18.25,56.5,16.85,33.15,9.6,17.0,5.4,7.65,3.4,3.05,2.15,1.55,1.5,1.0,1.05,0.75,0.8,0.55,0.75,0.5,0.6,0.55,0.55,0.4,16055.3,16061.15,16055.3,16059.9,0
41,1657772760,27.7,18.26,60.1,16.0,35.55,9.15,18.45,5.25,8.5,3.2,3.45,1.95,1.65,1.4,0.95,1.05,0.75,0.8,0.55,0.7,0.5,0.65,0.55,0.5,0.45,16059.3,16066.75,16058.6,16064.55,0
42,1657772820,28.4,18.28,60.1,16.4,35.7,9.3,18.9,5.25,8.9,3.2,3.6,2.0,1.7,1.4,0.95,1.0,0.7,0.8,0.6,0.7,0.5,0.6,0.5,0.5,0.45,16065.25,16070.85,16064.1,16064.4,0
43,1657772880,28.05,18.29,60.5,16.15,35.95,9.25,18.9,5.25,8.8,3.25,3.55,2.05,1.7,1.45,1.0,1.05,0.7,0.8,0.55,0.75,0.5,0.6,0.5,0.55,0.45,16065.2,16066.65,16061.45,16065.5,0
44,1657772940,27.65,18.28,61.55,16.05,36.8,9.3,19.3,5.1,9.0,3.1,3.65,2.0,1.7,1.4,1.0,1.0,0.7,0.8,0.6,0.7,0.55,0.6,0.45,0.5,0.45,16064.6,16066.3,16060.1,16066.3,0
45,1657773000,29.0,18.32,58.35,16.9,34.45,9.8,17.9,5.4,8.15,3.2,3.25,2.05,1.6,1.4,0.95,0.95,0.7,0.8,0.6,0.7,0.55,0.65,0.5,0.6,0.4,16066.1,16067.25,16060.6,16061.0,0
46,1657773060,29.4,18.3,56.7,17.3,33.0,10.05,16.55,5.65,7.2,3.4,2.85,2.1,1.5,1.45,0.85,0.95,0.7,0.8,0.6,0.65,0.5,0.65,0.45,0.55,0.45,16060.9,16062.1,16056.35,16058.15,0
47,1657773120,28.75,18.28,60.55,17.1,35.85,10.05,18.35,5.8,8.2,3.55,3.15,2.2,1.55,1.5,0.95,1.05,0.65,0.8,0.55,0.7,0.5,0.6,0.5,0.55,0.45,16058.3,16061.6,16055.7,16061.6,0
48,1657773180,27.8,18.28,60.85,16.35,35.9,9.5,18.45,5.45,8.3,3.35,3.2,2.15,1.5,1.45,0.95,1.0,0.7,0.85,0.55,0.7,0.55,0.6,0.5,0.65,0.45,16061.45,16063.55,16059.25,16063.25,0
49,1657773240,27.45,18.31,61.6,16.05,36.65,9.25,19.1,5.25,8.65,3.25,3.45,2.1,1.6,1.45,1.0,1.05,0.65,0.85,0.6,0.65,0.5,0.55,0.5,0.5,0.4,16064.0,16064.55,16061.75,16064.05,0
50,1657773300,29.7,18.31,57.6,17.3,33.85,9.85,17.4,5.5,7.9,3.3,3.2,2.05,1.65,1.4,1.0,0.95,0.7,0.8,0.6,0.7,0.5,0.55,0.5,0.5,0.4,16064.2,16066.95,16060.7,16060.7,0
51,1657773360,30.65,18.31,54.4,18.1,31.65,10.45,16.0,5.8,7.1,3.5,2.8,2.15,1.45,1.4,0.9,1.0,0.65,0.8,0.6,0.65,0.5,0.55,0.5,0.55,0.4,16060.85,16062.95,16056.15,16056.9,0
52,1657773420,31.9,18.31,52.55,19.0,30.15,11.1,15.35,6.25,6.85,3.7,2.7,2.25,1.35,1.5,0.9,1.05,0.65,0.85,0.55,0.65,0.55,0.6,0.5,0.55,0.45,16056.55,16056.65,16050.05,16052.1,0
53,1657773480,31.55,18.31,52.85,18.75,30.65,10.85,15.5,6.0,6.95,3.65,2.8,2.2,1.35,1.45,0.85,1.0,0.65,0.85,0.55,0.6,0.5,0.6,0.5,0.55,0.45,16051.8,16055.65,16051.8,16052.95,0
54,1657773540,31.9,18.3,52.15,18.95,30.2,11.0,15.15,6.15,6.75,3.75,2.65,2.3,1.25,1.5,0.85,1.0,0.6,0.85,0.6,0.65,0.55,0.55,0.45,0.5,0.4,16053.9,16053.9,16049.05,16049.6,0
55,1657773600,32.25,18.29,51.55,19.25,29.8,11.15,15.15,6.25,6.8,3.75,2.75,2.25,1.3,1.45,0.8,1.0,0.65,0.8,0.55,0.7,0.5,0.55,0.5,0.55,0.35,16048.7,16049.3,16044.5,16048.05,0
56,1657773660,33.3,18.29,48.45,19.6,27.7,11.25,13.65,6.3,6.05,3.65,2.4,2.15,1.2,1.5,0.85,1.0,0.6,0.8,0.55,0.65,0.5,0.55,0.45,0.55,0.4,16047.3,16048.4,16043.7,16043.7,0
57,1657773720,33.25,18.27,47.8,19.55,27.15,11.3,13.35,6.3,5.8,3.75,2.25,2.3,1.15,1.5,0.75,1.05,0.6,0.85,0.5,0.7,0.55,0.6,0.5,0.55,0.35,16044.1,16046.55,16041.4,16042.9,0
58,1657773780,32.8,18.28,48.35,19.45,27.35,11.35,13.45,6.3,5.75,3.8,2.15,2.25,1.1,1.5,0.75,1.05,0.6,0.85,0.55,0.65,0.5,0.6,0.5,0.55,0.4,16043.35,16045.7,16042.7,16043.3,0
59,1657773840,30.45,18.26,50.55,17.75,29.15,10.3,14.35,5.8,6.25,3.5,2.4,2.15,1.2,1.45,0.8,1.0,0.6,0.8,0.5,0.65,0.5,0.55,0.5,0.55,0.4,16044.0,16049.5,16041.35,16048.5,0
60,1657773900,33.8,18.29,46.0,19.75,25.95,11.35,12.75,6.25,5.7,3.65,2.25,2.15,1.15,1.4,0.8,1.0,0.6,0.8,0.5,0.65,0.5,0.55,0.45,0.5,0.35,16049.15,16052.7,16042.1,16042.1,0
61,1657773960,34.0,18.27,45.35,20.1,25.35,11.75,12.35,6.6,5.35,3.9,2.1,2.3,1.1,1.5,0.8,1.05,0.6,0.85,0.55,0.65,0.5,0.55,0.45,0.55,0.35,16042.45,16042.45,16036.4,16039.9,0
62,1657774020,33.8,18.28,45.0,19.75,24.95,11.5,12.0,6.45,5.2,3.8,2.0,2.3,1.1,1.55,0.8,1.05,0.65,0.85,0.5,0.7,0.45,0.55,0.4,0.5,0.35,16039.65,16042.2,16039.2,16040.4,0
63,1657774080,33.75,18.29,45.55,19.65,25.3,11.45,12.25,6.4,5.3,3.8,2.05,2.3,1.0,1.5,0.7,1.0,0.55,0.8,0.5,0.65,0.5,0.6,0.45,0.5,0.35,16040.6,16041.7,16037.3,16041.15,0
64,1657774140,31.55,18.29,48.45,18.4,27.45,10.65,13.4,6.0,5.9,3.55,2.25,2.15,1.05,1.45,0.75,1.05,0.55,0.85,0.5,0.65,0.5,0.6,0.45,0.5,0.35,16041.25,16046.75,16040.25,16046.05,0
65,1657774200,31.55,18.28,48.85,18.25,27.7,10.55,13.65,5.95,6.05,3.55,2.25,2.15,1.05,1.4,0.75,1.0,0.6,0.85,0.5,0.65,0.5,0.6,0.45,0.5,0.4,16045.9,16048.15,16045.4,16047.3,0
66,1657774260,33.45,18.25,45.0,19.45,24.85,11.2,12.0,6.15,5.2,3.6,2.05,2.15,1.05,1.45,0.75,1.0,0.6,0.85,0.55,0.65,0.45,0.6,0.35,0.5,0.35,16047.25,16047.25,16040.6,16040.6,0
67,1657774320,34.7,18.26,42.1,20.25,23.1,11.7,11.0,6.5,4.8,3.85,1.85,2.3,1.0,1.5,0.75,1.05,0.6,0.8,0.5,0.65,0.5,0.6,0.35,0.55,0.35,16040.5,16041.3,16038.2,16038.35,0
68,1657774380,34.75,18.26,41.4,20.25,22.35,11.7,10.55,6.6,4.45,3.9,1.7,2.35,0.9,1.5,0.65,1.0,0.6,0.8,0.5,0.65,0.45,0.55,0.35,0.5,0.35,16039.0,16039.0,16035.75,16036.85,0
69,1657774440,35.75,18.24,39.95,20.8,21.4,12.1,9.85,6.85,4.1,4.05,1.5,2.35,0.8,1.55,0.6,1.05,0.55,0.8,0.5,0.65,0.45,0.6,0.4,0.5,0.4,16036.3,16036.65,16031.95,16034.5,0
70,1657774500,34.55,18.22,41.95,20.1,22.65,11.65,10.65,6.6,4.5,4.0,1.6,2.3,0.9,1.5,0.6,1.0,0.55,0.8,0.5,0.65,0.45,0.55,0.45,0.5,0.35,16034.5,16036.25,16032.55,16035.05,0
71,1657774560,38.1,18.25,37.55,22.3,19.85,13.0,9.0,7.35,3.7,4.35,1.3,2.5,0.8,1.6,0.6,1.0,0.5,0.85,0.5,0.65,0.45,0.55,0.4,0.5,0.4,16035.1,16035.1,16022.2,16024.05,0
72,1657774620,37.35,18.24,38.05,21.7,20.1,12.7,9.0,7.15,3.8,4.3,1.4,2.55,0.75,1.6,0.55,1.0,0.5,0.8,0.45,0.65,0.4,0.55,0.4,0.5,0.4,16024.15,16026.85,16019.9,16026.35,0
73,1657774680,38.1,18.24,37.15,22.1,19.6,12.9,8.85,7.2,3.75,4.3,1.35,2.5,0.8,1.6,0.6,1.0,0.5,0.8,0.45,0.65,0.4,0.55,0.4,0.5,0.35,16026.4,16027.1,16023.45,16024.0,0
74,1657774740,39.25,18.22,35.15,22.9,18.35,13.35,8.2,7.45,3.6,4.45,1.3,2.6,0.8,1.6,0.6,1.0,0.5,0.8,0.45,0.6,0.45,0.55,0.4,0.5,0.4,16024.5,16024.8,16020.65,16022.3,0
75,1657774800,35.65,18.23,38.7,20.25,20.6,11.75,9.4,6.55,4.0,3.9,1.45,2.35,0.8,1.55,0.6,1.0,0.55,0.8,0.5,0.6,0.4,0.55,0.4,0.55,0.35,16022.5,16027.7,16019.85,16027.7,0
76,1657774860,36.2,18.22,38.75,20.4,20.95,11.6,9.75,6.4,4.15,3.85,1.5,2.25,0.85,1.45,0.6,1.0,0.5,0.8,0.45,0.6,0.45,0.55,0.35,0.5,0.3,16028.0,16032.35,16027.8,16030.0,0
77,1657774920,36.5,18.24,38.6,20.7,20.75,11.85,9.55,6.65,4.1,3.9,1.5,2.3,0.8,1.45,0.65,1.05,0.5,0.75,0.5,0.6,0.45,0.5,0.35,0.45,0.35,16030.25,16030.25,16024.3,16028.95,0
78,1657774980,36.65,18.24,38.85,21.0,20.95,12.05,9.7,6.7,4.15,3.85,1.55,2.2,0.9,1.5,0.6,1.0,0.5,0.8,0.45,0.6,0.4,0.5,0.35,0.45,0.35,16029.3,16030.7,16027.6,16029.85,0
79,1657775040,36.4,18.26,38.65,20.7,20.95,11.75,9.7,6.4,4.15,3.65,1.55,2.05,0.85,1.4,0.65,1.0,0.5,0.75,0.45,0.6,0.45,0.5,0.4,0.5,0.35,16030.2,16033.3,16029.85,16031.1,0
80,1657775100,36.1,18.26,39.2,20.55,21.2,11.6,9.85,6.25,4.15,3.65,1.55,2.15,0.85,1.4,0.6,1.0,0.5,0.75,0.45,0.6,0.4,0.5,0.35,0.5,0.3,16031.9,16036.2,16029.95,16030.15,0
81,1657775160,37.95,18.25,36.45,21.6,19.45,12.45,8.8,6.75,3.8,4.0,1.45,2.25,0.8,1.45,0.6,1.0,0.55,0.8,0.4,0.65,0.45,0.55,0.35,0.5,0.3,16030.35,16031.6,16025.05,16026.5,0
82,1657775220,38.65,18.27,36.0,22.1,19.0,12.8,8.65,7.0,3.65,4.1,1.3,2.35,0.75,1.5,0.55,1.0,0.5,0.75,0.4,0.6,0.4,0.5,0.35,0.45,0.3,16025.5,16026.0,16021.25,16023.55,0
83,1657775280,39.05,18.26,35.3,22.35,18.55,12.95,8.3,7.1,3.5,4.15,1.3,2.3,0.75,1.45,0.55,1.0,0.5,0.8,0.4,0.6,0.35,0.5,0.35,0.45,0.3,16023.5,16025.25,16021.95,16022.5,0
84,1657775340,39.75,18.27,33.9,23.1,17.55,13.25,7.9,7.25,3.35,4.3,1.2,2.35,0.75,1.45,0.6,1.0,0.55,0.8,0.4,0.6,0.35,0.55,0.35,0.45,0.3,16022.75,16022.75,16020.25,16022.05,0
85,1657775400,42.1,18.26,30.9,24.4,15.75,14.1,6.95,7.75,2.9,4.5,1.1,2.45,0.7,1.55,0.6,1.0,0.5,0.75,0.4,0.6,0.4,0.5,0.35,0.45,0.3,16022.3,16022.3,16013.65,16014.7,0
86,1657775460,42.35,18.25,31.05,24.25,16.15,13.95,7.1,7.65,3.0,4.45,1.1,2.5,0.7,1.5,0.55,0.95,0.45,0.75,0.4,0.65,0.4,0.5,0.35,0.45,0.3,16013.95,16019.15,16012.85,16017.0,0
87,1657775520,40.8,18.27,31.7,23.5,16.35,13.4,7.25,7.35,3.1,4.25,1.15,2.4,0.75,1.5,0.6,0.95,0.45,0.75,0.35,0.6,0.4,0.5,0.35,0.4,0.35,16016.75,16017.2,16014.15,16016.7,0
88,1657775580,41.75,18.26,30.9,24.05,16.15,13.75,7.15,7.45,3.1,4.25,1.25,2.4,0.75,1.5,0.6,0.95,0.45,0.7,0.35,0.6,0.35,0.55,0.4,0.4,0.3,16016.85,16019.85,16016.5,16018.35,0
89,1657775640,37.65,18.27,34.7,21.2,18.3,12.0,8.3,6.45,3.55,3.7,1.3,2.15,0.75,1.35,0.55,0.9,0.45,0.7,0.35,0.55,0.4,0.5,0.35,0.4,0.3,16018.3,16025.5,16018.3,16025.05,0
90,1657775700,36.85,18.29,35.05,20.75,18.6,11.55,8.5,6.2,3.75,3.6,1.35,2.0,0.8,1.25,0.6,0.9,0.45,0.7,0.4,0.55,0.35,0.5,0.4,0.35,0.35,16024.85,16026.25,16023.65,16025.8,0
91,1657775760,39.5,18.3,32.9,22.35,17.25,12.6,7.85,6.75,3.35,3.85,1.3,2.15,0.8,1.35,0.6,0.9,0.45,0.7,0.35,0.55,0.4,0.45,0.35,0.4,0.35,16025.4,16025.5,16020.85,16021.65,0
92,1657775820,40.25,18.31,32.5,22.75,17.05,12.65,7.8,6.65,3.4,3.75,1.3,2.05,0.75,1.3,0.55,0.9,0.5,0.65,0.4,0.5,0.4,0.45,0.4,0.45,0.3,16022.05,16024.3,16020.95,16020.95,0
93,1657775880,38.6,18.29,34.15,21.75,17.95,12.15,8.05,6.4,3.45,3.65,1.35,2.0,0.8,1.3,0.55,0.85,0.5,0.6,0.4,0.55,0.4,0.45,0.35,0.45,0.35,16021.05,16023.6,16018.75,16022.7,0
94,1657775940,37.6,18.29,35.8,21.15,18.95,12.0,8.6,6.35,3.6,3.65,1.35,2.0,0.75,1.25,0.55,0.85,0.45,0.6,0.4,0.5,0.35,0.45,0.4,0.4,0.3,16022.8,16025.1,16021.65,16024.45,0
95,1657776000,38.3,18.3,34.5,21.65,18.1,12.2,8.2,6.45,3.45,3.7,1.3,2.05,0.8,1.3,0.55,0.85,0.5,0.6,0.35,0.55,0.4,0.45,0.4,0.35,0.3,16024.55,16025.6,16021.05,16023.3,0
96,1657776060,38.75,18.3,34.75,22.25,18.25,12.5,8.3,6.6,3.5,3.75,1.25,2.0,0.8,1.25,0.6,0.9,0.55,0.65,0.4,0.55,0.45,0.45,0.4,0.4,0.35,16024.1,16025.75,16023.3,16025.15,0
97,1657776120,38.0,18.31,34.65,21.6,18.15,12.25,8.2,6.45,3.45,3.65,1.35,2.0,0.8,1.25,0.55,0.85,0.5,0.65,0.4,0.55,0.45,0.45,0.45,0.35,0.35,16025.85,16027.65,16025.35,16026.65,0
98,1657776180,36.35,18.32,35.75,20.35,18.85,11.35,8.55,6.0,3.6,3.45,1.4,1.95,0.85,1.25,0.55,0.85,0.5,0.65,0.4,0.5,0.4,0.45,0.45,0.4,0.3,16026.85,16029.75,16025.8,16029.5,0
99,1657776240,32.45,18.27,38.65,17.9,21.0,10.0,9.75,5.2,4.25,2.95,1.55,1.65,0.85,1.05,0.6,0.75,0.5,0.6,0.4,0.55,0.45,0.45,0.45,0.4,0.35,16029.35,16038.05,16028.5,16037.65,0
100,1657776300,32.8,18.29,38.2,17.9,20.7,9.7,9.6,4.95,4.2,2.75,1.6,1.6,0.9,0.9,0.65,0.65,0.55,0.5,0.5,0.5,0.4,0.45,0.45,0.4,0.35,16037.35,16041.1,16035.6,16036.55,0
101,1657776360,33.95,18.29,37.0,18.8,19.85,10.35,9.1,5.25,3.9,2.95,1.5,1.6,0.8,1.0,0.6,0.65,0.55,0.55,0.45,0.5,0.45,0.45,0.4,0.35,0.35,16036.65,16036.65,16033.45,16034.4,0
102,1657776420,34.65,18.31,35.7,19.25,18.85,10.55,8.5,5.45,3.65,3.0,1.45,1.65,0.8,1.05,0.6,0.7,0.5,0.55,0.45,0.5,0.45,0.45,0.45,0.4,0.4,16033.9,16034.65,16027.45,16029.9,0
103,1657776480,33.0,18.29,36.25,18.2,19.35,10.05,9.05,5.1,3.9,2.9,1.4,1.6,0.85,1.0,0.6,0.65,0.55,0.55,0.4,0.5,0.45,0.45,0.45,0.4,0.4,16029.95,16035.35,16028.55,16033.15,0
104,1657776540,32.7,18.27,36.75,18.0,19.7,9.85,9.25,5.0,4.05,2.75,1.5,1.5,0.85,0.95,0.6,0.6,0.5,0.55,0.45,0.5,0.45,0.4,0.45,0.4,0.4,16033.5,16035.0,16032.55,16034.25,0
105,1657776600,30.65,18.26,38.75,16.7,21.05,9.1,9.9,4.7,4.35,2.6,1.6,1.5,0.85,0.95,0.6,0.6,0.5,0.55,0.45,0.5,0.45,0.45,0.4,0.4,0.35,16034.15,16039.0,16032.35,16039.0,0
106,1657776660,31.7,18.26,36.65,17.25,19.3,9.3,8.85,4.7,3.9,2.55,1.45,1.4,0.8,0.95,0.65,0.6,0.5,0.5,0.45,0.45,0.4,0.4,0.4,0.35,0.35,16038.9,16041.85,16033.55,16034.15,0
107,1657776720,36.3,18.3,31.7,20.25,16.4,11.15,7.4,5.6,3.25,3.05,1.25,1.6,0.75,1.05,0.6,0.65,0.5,0.55,0.4,0.4,0.4,0.4,0.35,0.35,0.35,16033.0,16033.85,16023.95,16024.45,0
108,1657776780,38.3,18.29,29.3,21.15,14.65,11.65,6.45,5.95,2.8,3.3,1.1,1.7,0.7,1.05,0.55,0.65,0.45,0.5,0.45,0.4,0.4,0.45,0.35,0.35,0.3,16024.5,16024.9,16019.15,16020.7,0
109,1657776840,36.35,18.28,31.1,19.8,15.85,10.7,6.9,5.45,2.9,3.05,1.2,1.55,0.75,1.05,0.55,0.65,0.45,0.55,0.45,0.45,0.45,0.45,0.4,0.35,0.35,16020.45,16025.25,16020.25,16025.0,0
110,1657776900,35.9,18.29,30.85,19.7,15.4,10.7,6.6,5.4,2.8,3.05,1.15,1.6,0.75,1.0,0.6,0.7,0.45,0.5,0.4,0.4,0.45,0.4,0.35,0.4,0.35,16024.75,16024.9,16022.55,16024.7,0
111,1657776960,36.05,18.29,31.3,19.65,15.85,10.65,6.85,5.4,2.95,3.0,1.15,1.65,0.75,1.0,0.6,0.65,0.45,0.5,0.45,0.45,0.4,0.4,0.4,0.35,0.35,16024.95,16025.05,16023.7,16025.05,0
112,1657777020,38.9,18.29,27.85,21.55,13.85,11.7,6.0,5.95,2.6,3.25,1.1,1.65,0.7,1.05,0.6,0.6,0.45,0.5,0.45,0.4,0.45,0.4,0.35,0.35,0.3,16025.45,16026.75,16021.55,16021.6,0
113,1657777080,39.0,18.31,27.8,21.5,13.8,11.9,5.85,6.1,2.55,3.35,1.15,1.7,0.75,1.05,0.55,0.65,0.5,0.55,0.4,0.45,0.45,0.45,0.35,0.35,0.3,16020.7,16021.4,16016.75,16019.55,0
114,1657777140,41.05,18.31,24.6,22.75,11.7,12.7,5.0,6.55,2.2,3.55,1.05,1.85,0.7,1.1,0.55,0.7,0.45,0.55,0.4,0.4,0.4,0.45,0.35,0.35,0.3,16019.3,16019.4,16013.7,16014.4,0
115,1657777200,42.2,18.31,24.3,23.45,11.7,13.1,5.0,6.8,2.3,3.65,1.0,1.9,0.65,1.1,0.55,0.7,0.5,0.55,0.4,0.45,0.35,0.4,0.35,0.35,0.35,16015.0,16016.15,16013.45,16014.0,0
116,1657777260,41.7,18.29,24.8,23.15,12.2,12.85,5.3,6.75,2.35,3.7,1.05,2.0,0.65,1.15,0.5,0.7,0.5,0.6,0.4,0.5,0.45,0.4,0.4,0.35,0.3,16013.95,16013.95,16008.95,16013.6,0
117,1657777320,46.25,18.32,22.05,25.9,10.85,14.6,4.85,7.65,2.25,4.15,1.0,2.15,0.65,1.3,0.6,0.75,0.5,0.6,0.4,0.45,0.45,0.45,0.35,0.35,0.35,16013.5,16013.5,16003.4,16006.55,0
118,1657777380,43.5,18.3,23.15,24.1,11.15,13.25,4.95,6.9,2.3,3.65,1.0,1.9,0.65,1.15,0.6,0.7,0.45,0.55,0.4,0.45,0.35,0.4,0.35,0.35,0.35,16006.95,16010.6,16004.55,16009.7,0
119,1657777440,46.7,18.32,21.35,26.05,10.4,14.5,4.6,7.55,2.2,4.05,1.0,2.05,0.7,1.2,0.55,0.75,0.5,0.55,0.45,0.45,0.35,0.4,0.35,0.35,0.35,16009.9,16009.9,16005.65,16005.65,0
120,1657777500,49.2,18.34,19.65,27.85,9.45,15.4,4.3,8.0,2.1,4.25,1.0,2.1,0.65,1.3,0.6,0.8,0.45,0.55,0.45,0.45,0.4,0.4,0.4,0.35,0.35,16005.95,16005.95,15997.7,15998.2,0
121,1657777560,55.0,18.35,17.85,32.05,8.65,18.1,4.0,9.45,2.1,5.0,1.05,2.4,0.65,1.35,0.55,0.75,0.45,0.6,0.4,0.45,0.4,0.45,0.35,0.3,0.35,15997.6,15997.95,15990.15,15991.05,0
122,1657777620,58.65,18.32,15.95,34.8,7.65,19.55,3.6,10.3,1.9,5.55,1.0,2.7,0.7,1.45,0.55,0.8,0.5,0.55,0.45,0.5,0.4,0.4,0.35,0.35,0.4,15991.15,15991.15,15982.05,15984.7,0
123,1657777680,59.4,18.4,16.35,35.45,7.9,19.75,3.75,10.2,1.9,5.35,1.05,2.6,0.65,1.4,0.55,0.8,0.45,0.55,0.4,0.45,0.45,0.45,0.35,0.3,0.4,15984.45,15984.45,15975.5,15982.65,0
124,1657777740,60.0,18.45,16.55,35.95,8.15,19.95,3.95,10.3,2.0,5.45,1.0,2.6,0.65,1.35,0.6,0.7,0.5,0.6,0.45,0.4,0.4,0.45,0.35,0.3,0.4,15983.1,15985.5,15981.75,15984.3,0
125,1657777800,55.8,18.45,17.55,32.6,8.65,17.8,4.1,8.95,2.05,4.7,1.05,2.25,0.7,1.15,0.65,0.7,0.5,0.55,0.45,0.45,0.4,0.45,0.4,0.3,0.35,15984.7,15988.7,15980.4,15988.3,0
126,1657777860,59.95,18.46,16.35,35.35,8.05,19.55,3.9,10.0,1.9,5.25,0.95,2.55,0.7,1.25,0.65,0.65,0.5,0.55,0.45,0.4,0.4,0.45,0.35,0.35,0.35,15988.35,15988.45,15980.75,15982.25,0
127,1657777920,58.65,18.43,16.7,34.35,8.15,18.75,3.95,9.35,2.0,4.7,1.05,2.25,0.7,1.15,0.65,0.6,0.5,0.55,0.45,0.4,0.45,0.4,0.35,0.3,0.4,15982.2,15987.0,15981.5,15985.8,0
128,1657777980,60.65,18.44,15.9,35.85,7.9,19.75,3.8,9.9,1.9,5.15,1.05,2.45,0.7,1.25,0.6,0.65,0.55,0.55,0.45,0.4,0.45,0.4,0.4,0.3,0.4,15986.15,15986.5,15979.55,15981.25,0
129,1657778040,64.3,18.47,15.15,38.3,7.55,21.15,3.6,10.85,1.85,5.7,1.05,2.75,0.8,1.45,0.65,0.75,0.55,0.55,0.45,0.4,0.5,0.4,0.45,0.3,0.45,15981.3,15983.8,15973.95,15975.3,0
130,1657778100,61.3,18.46,15.7,35.8,7.8,19.6,3.7,9.85,1.9,5.1,1.1,2.45,0.8,1.3,0.65,0.7,0.55,0.5,0.45,0.4,0.4,0.35,0.4,0.35,0.4,15975.75,15980.2,15974.85,15979.5,0
131,1657778160,59.6,18.46,16.3,34.7,8.05,19.1,3.9,9.65,2.0,5.0,1.05,2.4,0.75,1.3,0.65,0.65,0.5,0.55,0.4,0.4,0.45,0.4,0.4,0.35,0.4,15979.85,15984.0,15979.4,15983.25,0
132,1657778220,58.2,18.45,16.95,33.65,8.5,18.15,4.05,9.1,2.05,4.7,1.1,2.3,0.8,1.25,0.65,0.65,0.55,0.5,0.5,0.45,0.45,0.35,0.45,0.3,0.4,15982.9,15989.0,15982.9,15988.1,0
133,1657778280,59.15,18.45,16.8,34.5,8.35,18.65,4.0,9.3,1.95,4.85,1.05,2.3,0.75,1.2,0.6,0.6,0.6,0.5,0.5,0.45,0.45,0.4,0.4,0.35,0.35,15987.65,15987.8,15982.65,15985.0,0
134,1657778340,61.5,18.43,15.95,36.1,7.95,19.3,3.8,9.75,1.9,5.1,1.0,2.45,0.75,1.3,0.65,0.7,0.55,0.5,0.5,0.45,0.5,0.35,0.45,0.3,0.35,15984.7,15986.7,15978.5,15981.95,0
135,1657778400,62.95,18.45,15.4,37.2,7.75,20.25,3.8,10.25,1.95,5.35,1.05,2.55,0.8,1.3,0.65,0.7,0.6,0.5,0.45,0.4,0.5,0.4,0.45,0.3,0.35,15982.35,15984.95,15977.45,15978.9,0
136,1657778460,67.65,18.47,14.4,40.5,7.2,22.6,3.55,11.4,1.85,5.95,1.05,2.8,0.75,1.35,0.6,0.65,0.55,0.5,0.5,0.4,0.5,0.35,0.4,0.3,0.4,15979.35,15979.45,15968.65,15969.35,0
137,1657778520,74.45,18.52,12.95,45.5,6.55,25.75,3.25,13.5,1.7,7.2,1.05,3.5,0.8,1.6,0.6,0.7,0.55,0.55,0.5,0.45,0.5,0.35,0.45,0.35,0.4,15970.2,15973.05,15957.55,15959.0,0
138,1657778580,70.7,18.49,13.5,42.6,6.7,23.7,3.25,12.15,1.7,6.2,0.95,2.8,0.8,1.35,0.65,0.7,0.55,0.5,0.55,0.4,0.5,0.35,0.5,0.3,0.4,15960.9,15967.0,15957.95,15966.05,0
139,1657778640,73.85,18.5,12.8,45.0,6.6,25.05,3.2,12.85,1.7,6.5,1.0,3.0,0.85,1.4,0.65,0.7,0.65,0.55,0.5,0.45,0.55,0.35,0.5,0.35,0.45,15965.85,15966.95,15960.7,15963.05,0
140,1657778700,73.55,18.5,13.05,44.9,6.75,25.05,3.25,12.9,1.7,6.65,1.0,3.05,0.8,1.45,0.65,0.7,0.6,0.55,0.5,0.45,0.55,0.4,0.5,0.3,0.45,15963.25,15963.25,15955.55,15959.55,0
141,1657778760,69.8,18.5,13.75,42.0,7.0,23.55,3.4,11.85,1.75,6.05,1.0,2.7,0.8,1.4,0.65,0.75,0.6,0.5,0.55,0.4,0.55,0.4,0.45,0.3,0.45,15959.95,15964.8,15959.65,15964.8,0
142,1657778820,70.95,18.5,13.65,42.7,6.9,23.55,3.3,11.95,1.8,5.95,1.0,2.6,0.8,1.3,0.6,0.7,0.6,0.55,0.5,0.45,0.5,0.35,0.5,0.3,0.45,15964.95,15964.95,15960.9,15962.3,0
143,1657778880,68.9,18.45,13.75,41.2,6.95,22.4,3.35,11.3,1.85,5.65,1.05,2.6,0.75,1.35,0.6,0.75,0.55,0.5,0.5,0.4,0.45,0.35,0.45,0.3,0.45,15962.65,15967.25,15961.15,15966.5,0
144,1657778940,66.0,18.41,14.75,38.6,7.45,20.55,3.6,9.9,1.9,4.9,1.1,2.15,0.75,1.15,0.65,0.7,0.55,0.45,0.5,0.35,0.5,0.3,0.45,0.3,0.45,15967.6,15972.75,15967.55,15972.55,0
145,1657779000,61.45,18.39,15.6,35.15,7.85,18.4,3.75,8.9,2.0,4.45,1.05,2.0,0.75,1.1,0.65,0.6,0.6,0.4,0.5,0.35,0.5,0.35,0.45,0.3,0.4,15972.25,15979.45,15971.55,15979.45,0
146,1657779060,62.6,18.42,14.9,36.05,7.5,19.15,3.7,9.15,1.95,4.55,1.05,1.95,0.75,1.1,0.6,0.65,0.6,0.4,0.5,0.4,0.5,0.3,0.45,0.25,0.35,15979.5,15983.5,15976.55,15977.2,0
147,1657779120,64.2,18.44,14.5,37.45,7.35,19.9,3.5,9.7,2.0,4.75,1.05,2.2,0.75,1.2,0.6,0.6,0.55,0.4,0.5,0.35,0.5,0.35,0.4,0.3,0.4,15977.25,15981.05,15973.85,15974.45,0
148,1657779180,61.95,18.44,15.2,36.0,7.65,19.15,3.55,9.3,1.9,4.6,1.1,2.05,0.7,1.05,0.6,0.6,0.55,0.4,0.45,0.35,0.45,0.3,0.4,0.3,0.4,15974.6,15975.9,15972.55,15975.9,0
149,1657779240,62.45,18.43,14.75,36.4,7.35,19.65,3.45,9.7,1.85,4.85,1.05,2.15,0.75,1.1,0.6,0.6,0.55,0.45,0.5,0.3,0.5,0.35,0.4,0.25,0.35,15975.9,15976.5,15974.05,15974.35,0
150,1657779300,67.7,18.46,12.9,40.4,6.35,22.4,3.1,11.35,1.75,5.9,1.0,2.75,0.75,1.4,0.6,0.75,0.55,0.45,0.5,0.35,0.5,0.35,0.4,0.25,0.4,15974.4,15974.4,15966.1,15967.15,0
151,1657779360,70.35,18.46,12.0,42.25,5.85,23.5,2.85,11.9,1.65,6.15,1.05,2.85,0.8,1.4,0.6,0.75,0.5,0.45,0.45,0.35,0.4,0.3,0.4,0.25,0.35,15966.8,15968.3,15964.7,15964.7,0
152,1657779420,71.7,18.46,11.4,43.3,5.65,24.1,2.75,12.15,1.6,6.1,0.95,2.75,0.75,1.35,0.6,0.75,0.55,0.55,0.45,0.35,0.45,0.35,0.4,0.25,0.35,15965.45,15965.45,15961.0,15962.95,0
153,1657779480,70.0,18.45,11.9,42.2,5.9,23.3,2.75,11.75,1.55,5.9,0.95,2.65,0.75,1.4,0.65,0.75,0.55,0.5,0.45,0.35,0.45,0.3,0.45,0.3,0.4,15963.05,15963.5,15959.85,15963.5,0
154,1657779540,68.55,18.44,11.9,41.0,5.8,22.4,2.7,11.1,1.5,5.4,1.0,2.4,0.75,1.2,0.65,0.65,0.55,0.55,0.5,0.35,0.45,0.35,0.45,0.3,0.4,15962.6,15965.65,15962.6,15964.65,0
155,1657779600,71.2,18.47,11.15,42.85,5.45,23.65,2.65,11.9,1.45,5.9,0.9,2.7,0.75,1.45,0.6,0.8,0.6,0.65,0.5,0.4,0.5,0.4,0.45,0.35,0.4,15965.6,15965.6,15959.6,15960.7,0
156,1657779660,67.25,18.46,11.8,39.75,5.8,21.5,2.85,10.6,1.6,5.2,0.95,2.3,0.75,1.25,0.6,0.75,0.6,0.65,0.5,0.45,0.45,0.4,0.45,0.3,0.4,15961.35,15966.05,15961.35,15965.7,0
157,1657779720,63.2,18.43,12.9,36.45,6.35,19.3,3.05,9.4,1.75,4.6,1.05,2.1,0.75,1.15,0.65,0.7,0.6,0.6,0.5,0.4,0.45,0.35,0.45,0.3,0.4,15965.9,15971.3,15964.95,15970.8,0
158,1657779780,68.35,18.49,11.6,40.1,5.75,21.8,2.9,10.75,1.65,5.25,1.0,2.35,0.75,1.2,0.65,0.75,0.6,0.55,0.5,0.5,0.5,0.35,0.45,0.25,0.45,15969.55,15969.9,15963.0,15964.3,0
159,1657779840,72.95,18.49,10.65,43.45,5.45,23.85,2.75,11.95,1.6,5.8,1.05,2.55,0.8,1.35,0.65,0.8,0.6,0.6,0.5,0.5,0.45,0.4,0.5,0.3,0.45,15963.7,15966.55,15956.7,15959.4,0
160,1657779900,68.6,18.48,11.2,40.15,5.65,21.7,2.8,10.4,1.55,5.05,1.05,2.3,0.85,1.3,0.65,0.8,0.6,0.6,0.55,0.5,0.45,0.4,0.5,0.3,0.4,15959.55,15963.1,15958.2,15962.65,0
161,1657779960,73.05,18.45,10.3,43.3,5.25,23.35,2.65,11.45,1.6,5.6,1.05,2.55,0.8,1.35,0.7,0.8,0.6,0.65,0.5,0.5,0.45,0.35,0.5,0.3,0.4,15962.0,15963.3,15957.0,15957.0,0
162,1657780020,73.0,18.43,10.35,44.05,5.35,23.8,2.7,11.75,1.6,5.8,1.05,2.65,0.85,1.45,0.7,0.85,0.6,0.65,0.55,0.5,0.45,0.35,0.5,0.25,0.45,15957.15,15957.6,15953.45,15954.2,0
163,1657780080,71.8,18.43,10.3,42.1,5.2,22.3,2.65,10.7,1.6,5.25,1.1,2.35,0.85,1.25,0.65,0.75,0.6,0.55,0.5,0.45,0.45,0.35,0.45,0.3,0.45,15955.15,15959.15,15953.9,15959.0,0
164,1657780140,68.6,18.42,10.75,39.45,5.4,20.45,2.7,9.45,1.6,4.7,1.05,2.1,0.85,1.15,0.7,0.75,0.6,0.55,0.5,0.4,0.45,0.3,0.5,0.3,0.45,15959.45,15964.15,15956.75,15964.1,0
165,1657780200,75.75,18.41,9.2,44.3,4.7,23.5,2.45,11.1,1.5,5.5,1.0,2.45,0.75,1.35,0.65,0.8,0.6,0.65,0.5,0.45,0.5,0.4,0.45,0.3,0.4,15963.95,15963.95,15948.35,15952.35,0
166,1657780260,75.05,18.41,9.1,43.85,4.6,22.7,2.4,10.5,1.4,5.1,0.95,2.3,0.8,1.3,0.65,0.75,0.6,0.6,0.5,0.5,0.55,0.35,0.45,0.3,0.45,15952.45,15955.15,15950.65,15953.45,0
167,1657780320,77.3,18.41,8.5,45.3,4.35,24.0,2.25,11.2,1.3,5.4,0.9,2.5,0.75,1.35,0.65,0.8,0.6,0.6,0.5,0.45,0.5,0.4,0.45,0.3,0.45,15953.55,15953.55,15947.8,15950.75,0
168,1657780380,78.4,18.4,7.65,46.05,4.0,24.7,2.05,11.7,1.2,5.65,0.85,2.55,0.75,1.4,0.65,0.8,0.55,0.65,0.55,0.45,0.55,0.4,0.45,0.3,0.45,15951.0,15951.0,15943.7,15947.55,0
169,1657780440,79.2,18.43,7.3,46.9,3.8,25.0,2.0,11.75,1.25,5.6,0.9,2.55,0.75,1.35,0.65,0.75,0.6,0.6,0.6,0.4,0.55,0.35,0.5,0.25,0.5,15946.7,15950.2,15946.7,15948.15,0
170,1657780500,76.3,18.44,8.1,44.45,4.1,23.35,2.15,10.9,1.3,5.2,0.9,2.35,0.8,1.3,0.7,0.7,0.65,0.6,0.55,0.45,0.55,0.4,0.45,0.25,0.45,15948.0,15951.65,15945.95,15951.3,0
171,1657780560,78.55,18.44,7.95,46.1,4.0,24.25,2.1,11.4,1.35,5.4,0.9,2.3,0.75,1.25,0.65,0.75,0.6,0.6,0.55,0.45,0.5,0.4,0.5,0.25,0.5,15951.3,15951.3,15948.0,15948.55,0
172,1657780620,83.65,18.47,7.05,49.65,3.65,26.55,2.0,12.6,1.3,5.9,0.9,2.45,0.8,1.35,0.65,0.75,0.6,0.6,0.55,0.45,0.5,0.35,0.5,0.3,0.45,15948.95,15948.95,15941.7,15942.2,0
173,1657780680,85.0,18.48,6.9,50.6,3.55,27.3,1.9,12.8,1.25,5.95,0.9,2.6,0.8,1.35,0.7,0.8,0.6,0.55,0.55,0.45,0.55,0.35,0.5,0.25,0.45,15942.25,15942.55,15938.3,15938.7,0
174,1657780740,80.2,18.45,7.75,47.0,3.9,24.85,2.05,11.6,1.3,5.45,0.9,2.35,0.8,1.3,0.7,0.75,0.6,0.55,0.55,0.45,0.5,0.35,0.5,0.25,0.45,15939.25,15944.25,15937.55,15943.75,0
175,1657780800,80.95,18.46,7.75,47.5,3.8,25.3,1.95,12.0,1.25,5.65,0.9,2.5,0.8,1.35,0.65,0.75,0.65,0.6,0.55,0.45,0.55,0.35,0.5,0.3,0.5,15943.75,15946.9,15942.15,15945.1,0
176,1657780860,77.65,18.45,8.3,45.35,4.05,24.05,2.05,11.45,1.3,5.4,0.9,2.35,0.8,1.3,0.65,0.8,0.55,0.55,0.55,0.4,0.55,0.35,0.5,0.3,0.45,15945.05,15947.4,15942.75,15946.45,0
177,1657780920,75.5,18.44,8.8,43.5,4.2,22.9,2.1,10.55,1.3,4.8,0.9,2.1,0.8,1.15,0.6,0.7,0.6,0.5,0.5,0.4,0.5,0.4,0.5,0.25,0.45,15946.95,15949.45,15946.3,15949.45,0
178,1657780980,69.6,18.4,9.8,39.0,4.75,19.9,2.3,8.7,1.45,3.9,1.0,1.7,0.85,1.0,0.65,0.7,0.6,0.5,0.5,0.4,0.55,0.35,0.5,0.3,0.45,15949.2,15955.1,15948.5,15955.1,0
179,1657781040,71.4,18.39,9.45,40.35,4.65,20.65,2.4,9.15,1.45,4.1,0.95,1.8,0.85,1.0,0.7,0.65,0.6,0.45,0.55,0.35,0.5,0.35,0.5,0.25,0.45,15955.75,15959.6,15954.15,15956.7,0
180,1657781100,62.05,18.36,11.9,33.9,5.85,16.85,2.85,7.25,1.55,3.3,1.0,1.5,0.8,0.9,0.7,0.6,0.55,0.5,0.55,0.4,0.55,0.3,0.5,0.25,0.45,15957.45,15965.45,15954.5,15965.45,0
181,1657781160,63.8,18.38,11.35,35.45,5.45,17.8,2.65,7.65,1.5,3.5,0.95,1.6,0.8,0.95,0.7,0.55,0.55,0.45,0.5,0.35,0.5,0.3,0.45,0.3,0.45,15964.85,15964.85,15959.5,15961.95,0
182,1657781220,59.0,18.37,12.3,31.6,6.1,15.45,2.95,6.45,1.6,3.05,1.0,1.35,0.75,0.85,0.65,0.55,0.55,0.4,0.5,0.4,0.55,0.35,0.45,0.25,0.45,15961.8,15969.5,15961.15,15969.5,0
183,1657781280,56.55,18.35,13.5,29.75,6.7,14.25,3.2,5.85,1.75,2.75,0.95,1.3,0.8,0.75,0.65,0.5,0.55,0.45,0.5,0.35,0.45,0.3,0.5,0.25,0.4,15970.4,15975.35,15970.05,15974.75,0
184,1657781340,58.0,18.34,12.6,30.95,6.2,15.2,3.0,6.6,1.6,3.3,1.0,1.45,0.8,0.75,0.65,0.55,0.55,0.4,0.5,0.35,0.45,0.3,0.45,0.25,0.45,15975.15,15976.25,15972.95,15973.85,0
185,1657781400,54.4,18.34,13.15,28.65,6.35,13.9,3.0,6.0,1.65,2.95,1.0,1.35,0.8,0.7,0.7,0.55,0.55,0.4,0.5,0.35,0.5,0.3,0.5,0.25,0.45,15973.4,15977.4,15969.85,15976.4,0
186,1657781460,57.9,18.34,11.4,31.0,5.5,15.15,2.6,6.75,1.5,3.45,0.95,1.55,0.8,0.8,0.65,0.55,0.5,0.45,0.45,0.4,0.45,0.3,0.45,0.3,0.45,15976.45,15978.55,15972.75,15972.75,0
187,1657781520,60.15,18.36,10.8,32.45,5.1,16.05,2.45,7.2,1.45,3.6,1.0,1.55,0.75,0.8,0.7,0.55,0.5,0.45,0.55,0.4,0.45,0.3,0.45,0.3,0.4,15972.5,15973.7,15971.1,15973.0,0
188,1657781580,63.55,18.38,9.6,34.9,4.5,17.6,2.2,7.8,1.4,3.75,0.95,1.6,0.75,0.85,0.6,0.5,0.5,0.5,0.55,0.4,0.45,0.3,0.45,0.3,0.4,15971.65,15973.5,15966.2,15966.4,0
189,1657781640,66.35,18.36,8.5,36.95,3.95,19.05,2.0,8.85,1.3,4.3,0.9,1.85,0.75,0.9,0.6,0.6,0.5,0.5,0.55,0.4,0.5,0.35,0.45,0.3,0.4,15967.0,15967.1,15960.9,15961.6,0
190,1657781700,65.35,18.39,9.3,36.0,4.4,18.45,2.1,8.25,1.25,3.95,0.9,1.7,0.7,0.85,0.65,0.55,0.5,0.5,0.5,0.45,0.45,0.3,0.5,0.25,0.45,15961.25,15963.6,15960.1,15963.6,0
191,1657781760,68.85,18.37,8.3,38.45,4.0,19.65,2.0,9.0,1.25,4.3,0.9,1.85,0.7,0.95,0.65,0.6,0.55,0.5,0.5,0.4,0.5,0.35,0.45,0.25,0.35,15963.3,15963.3,15958.5,15959.55,0
192,1657781820,69.1,18.36,8.0,38.3,3.85,19.55,1.9,8.85,1.2,4.3,0.85,1.8,0.7,0.85,0.6,0.6,0.55,0.5,0.5,0.4,0.45,0.3,0.5,0.25,0.35,15958.9,15960.2,15956.65,15957.15,0
193,1657781880,70.25,18.38,7.35,39.3,3.55,19.95,1.85,9.15,1.2,4.45,0.8,1.95,0.65,1.0,0.55,0.6,0.55,0.5,0.45,0.45,0.45,0.35,0.45,0.25,0.35,15957.4,15957.75,15951.95,15952.65,0
194,1657781940,68.5,18.38,7.8,37.8,3.75,19.1,1.9,8.7,1.25,4.2,0.85,1.85,0.7,0.95,0.6,0.65,0.55,0.5,0.45,0.4,0.45,0.35,0.45,0.25,0.35,15952.5,15956.25,15950.1,15955.45,0
195,1657782000,60.55,18.36,9.4,32.4,4.35,15.9,2.1,7.15,1.25,3.45,0.85,1.5,0.7,0.9,0.6,0.6,0.55,0.5,0.5,0.4,0.45,0.3,0.45,0.3,0.35,15955.3,15965.95,15950.95,15965.5,0
196,1657782060,58.05,18.37,10.75,30.95,5.05,15.25,2.35,6.65,1.3,3.15,0.9,1.4,0.7,0.8,0.65,0.5,0.55,0.5,0.45,0.4,0.45,0.35,0.45,0.3,0.35,15966.2,15969.65,15963.75,15968.7,0
197,1657782120,59.05,18.39,10.45,31.65,4.95,15.4,2.35,6.65,1.35,3.15,0.85,1.4,0.7,0.8,0.65,0.5,0.55,0.5,0.45,0.35,0.45,0.35,0.45,0.3,0.35,15968.45,15972.4,15966.6,15968.8,0
198,1657782180,63.0,18.42,9.5,34.35,4.4,16.95,2.05,7.55,1.25,3.5,0.85,1.45,0.7,0.85,0.65,0.55,0.5,0.45,0.45,0.4,0.4,0.35,0.4,0.3,0.4,15968.9,15968.95,15963.7,15963.7,0
199,1657782240,63.6,18.43,9.65,34.3,4.55,17.0,2.25,7.5,1.3,3.5,0.85,1.45,0.65,0.8,0.65,0.5,0.5,0.5,0.45,0.35,0.45,0.3,0.4,0.25,0.35,15964.5,15967.5,15960.9,15964.85,0
200,1657782300,70.45,18.43,7.85,39.0,3.8,19.9,1.95,9.2,1.2,4.35,0.8,1.7,0.7,0.9,0.65,0.6,0.55,0.5,0.45,0.4,0.45,0.3,0.4,0.3,0.35,15964.55,15964.55,15956.65,15957.35,0
201,1657782360,70.55,18.43,7.95,39.05,3.85,19.9,2.0,9.2,1.25,4.2,0.8,1.65,0.65,0.9,0.6,0.6,0.5,0.5,0.5,0.35,0.45,0.35,0.45,0.3,0.4,15956.9,15956.9,15950.15,15953.5,0
202,1657782420,71.8,18.45,7.9,39.65,3.8,20.2,2.0,9.35,1.25,4.3,0.8,1.6,0.7,0.9,0.6,0.55,0.5,0.5,0.45,0.4,0.4,0.35,0.4,0.25,0.4,15953.7,15958.35,15952.45,15956.8,0
203,1657782480,73.6,18.49,7.45,41.0,3.6,20.85,1.95,9.45,1.25,4.35,0.85,1.75,0.65,0.9,0.65,0.6,0.55,0.45,0.45,0.35,0.45,0.3,0.4,0.25,0.35,15956.7,15956.7,15949.7,15950.1,0
204,1657782540,72.8,18.47,7.85,40.4,3.8,20.4,1.95,9.2,1.2,4.3,0.85,1.65,0.7,0.9,0.6,0.55,0.5,0.45,0.45,0.35,0.45,0.35,0.45,0.25,0.35,15949.8,15953.25,15948.7,15952.0,0
205,1657782600,69.85,18.47,8.1,38.3,3.9,19.05,1.95,8.35,1.25,3.75,0.8,1.55,0.65,0.9,0.65,0.6,0.5,0.5,0.45,0.4,0.5,0.35,0.4,0.25,0.35,15952.4,15953.7,15946.1,15952.1,0
206,1657782660,67.2,18.49,8.65,36.55,4.05,17.7,1.95,7.3,1.25,3.25,0.8,1.35,0.65,0.8,0.6,0.5,0.5,0.45,0.45,0.35,0.45,0.3,0.4,0.25,0.35,15951.9,15958.6,15950.6,15955.25,0
207,1657782720,68.8,18.49,8.2,37.6,3.95,18.5,1.95,7.9,1.25,3.6,0.8,1.45,0.65,0.8,0.55,0.6,0.5,0.5,0.45,0.35,0.4,0.35,0.4,0.2,0.35,15955.4,15955.85,15953.0,15953.5,0
208,1657782780,73.45,18.52,7.35,40.85,3.65,20.45,1.9,9.05,1.2,4.0,0.8,1.6,0.6,0.9,0.55,0.55,0.55,0.45,0.4,0.4,0.4,0.35,0.4,0.2,0.35,15953.7,15953.7,15947.35,15948.0,0
209,1657782840,74.35,18.53,7.5,41.35,3.65,20.75,1.85,9.25,1.2,4.2,0.8,1.7,0.65,0.95,0.5,0.55,0.55,0.45,0.45,0.4,0.4,0.3,0.45,0.2,0.35,15948.4,15948.4,15943.1,15945.2,0
210,1657782900,72.45,18.53,7.55,40.05,3.6,20.0,1.75,8.9,1.15,4.05,0.75,1.6,0.6,0.9,0.5,0.6,0.5,0.5,0.4,0.4,0.4,0.35,0.4,0.25,0.4,15944.85,15946.65,15942.7,15946.65,0
211,1657782960,69.85,18.48,8.35,38.15,4.0,18.6,1.95,7.85,1.1,3.45,0.75,1.3,0.65,0.8,0.55,0.5,0.5,0.4,0.4,0.4,0.45,0.35,0.4,0.25,0.35,15946.7,15954.1,15945.7,15952.15,0
212,1657783020,64.8,18.45,9.3,34.65,4.35,16.55,2.0,6.85,1.1,3.1,0.8,1.25,0.65,0.7,0.55,0.45,0.5,0.4,0.45,0.3,0.4,0.35,0.4,0.2,0.4,15952.75,15959.0,15952.6,15958.2,0
213,1657783080,67.9,18.45,8.35,36.9,3.95,18.0,1.85,7.65,1.1,3.4,0.8,1.35,0.65,0.8,0.6,0.45,0.5,0.4,0.45,0.35,0.45,0.3,0.45,0.25,0.4,15958.25,15959.25,15954.6,15955.0,0
214,1657783140,68.15,18.46,8.45,37.35,4.0,18.35,1.9,8.0,1.1,3.7,0.75,1.5,0.6,0.8,0.6,0.5,0.45,0.4,0.45,0.3,0.4,0.3,0.4,0.25,0.35,15955.05,15955.6,15953.75,15954.7,0
215,1657783200,65.1,18.45,9.3,35.2,4.4,17.3,2.0,7.45,1.15,3.35,0.75,1.3,0.6,0.7,0.55,0.45,0.5,0.4,0.45,0.3,0.4,0.3,0.35,0.25,0.35,15954.9,15962.75,15954.4,15960.7,0
216,1657783260,66.25,18.47,8.6,36.25,4.0,17.85,1.85,7.7,1.15,3.45,0.75,1.35,0.65,0.7,0.55,0.45,0.5,0.4,0.4,0.35,0.4,0.35,0.35,0.2,0.35,15960.1,15960.5,15958.1,15958.5,0
217,1657783320,68.55,18.46,8.0,37.55,3.85,18.65,1.8,8.2,1.1,3.65,0.75,1.35,0.65,0.75,0.6,0.5,0.5,0.4,0.4,0.35,0.4,0.3,0.35,0.2,0.35,15958.95,15958.95,15952.9,15954.55,0
218,1657783380,68.7,18.47,7.85,37.6,3.75,18.6,1.75,8.1,1.05,3.6,0.75,1.35,0.6,0.7,0.5,0.5,0.5,0.45,0.4,0.35,0.4,0.3,0.35,0.2,0.35,15954.65,15954.75,15950.65,15951.4,0
219,1657783440,67.45,18.49,8.2,36.7,3.85,18.05,1.75,7.85,0.95,3.5,0.65,1.3,0.6,0.75,0.5,0.45,0.45,0.45,0.4,0.35,0.4,0.3,0.4,0.2,0.4,15951.05,15954.35,15950.15,15953.8,0
220,1657783500,65.35,18.48,8.9,35.4,4.05,17.25,1.8,7.4,1.05,3.25,0.65,1.2,0.6,0.7,0.5,0.45,0.45,0.45,0.4,0.3,0.4,0.3,0.35,0.2,0.35,15953.8,15957.7,15952.5,15955.95,0
221,1657783560,66.6,18.49,8.3,36.0,3.9,17.65,1.8,7.5,1.05,3.25,0.65,1.15,0.6,0.65,0.5,0.45,0.45,0.4,0.4,0.35,0.45,0.3,0.35,0.2,0.35,15955.85,15960.2,15953.55,15953.65,0
222,1657783620,66.25,18.46,8.05,36.1,3.7,17.5,1.75,7.45,1.0,3.15,0.65,1.15,0.6,0.6,0.55,0.4,0.45,0.35,0.45,0.35,0.35,0.3,0.35,0.25,0.35,15953.65,15954.65,15952.4,15953.5,0
223,1657783680,61.9,18.5,9.55,32.8,4.3,15.85,1.95,6.85,1.05,3.05,0.75,1.1,0.6,0.6,0.5,0.35,0.45,0.35,0.4,0.3,0.4,0.3,0.35,0.2,0.35,15953.2,15964.95,15953.0,15964.35,0
224,1657783740,50.5,18.43,12.85,25.85,5.95,12.3,2.7,5.4,1.4,2.45,0.8,0.95,0.6,0.5,0.55,0.4,0.45,0.35,0.45,0.35,0.35,0.25,0.35,0.2,0.3,15965.2,15985.4,15965.2,15983.0,0
225,1657783800,41.55,18.39,15.0,20.05,6.85,9.15,3.05,3.9,1.6,1.9,0.9,0.8,0.6,0.5,0.45,0.35,0.45,0.4,0.4,0.3,0.4,0.25,0.35,0.25,0.3,15981.9,15998.6,15980.3,15992.15,0
226,1657783860,40.8,18.39,14.65,19.6,6.65,9.1,2.9,3.85,1.5,1.9,0.8,0.9,0.6,0.55,0.45,0.5,0.45,0.35,0.45,0.3,0.35,0.25,0.35,0.25,0.3,15992.9,15999.4,15991.7,15994.5,0
227,1657783920,42.65,18.41,14.2,20.8,6.6,9.7,2.85,4.1,1.5,1.9,0.9,0.8,0.6,0.5,0.5,0.55,0.45,0.4,0.4,0.3,0.35,0.3,0.4,0.25,0.35,15995.1,16002.15,15991.0,15994.65,0
228,1657783980,51.85,18.44,9.25,26.3,4.05,12.5,1.8,5.2,1.1,2.35,0.75,0.95,0.6,0.6,0.5,0.5,0.4,0.45,0.35,0.3,0.4,0.25,0.35,0.2,0.3,15993.7,15993.9,15978.85,15978.85,0
229,1657784040,55.3,18.44,9.15,28.0,4.05,13.2,1.85,5.4,1.0,2.35,0.7,0.85,0.55,0.55,0.45,0.45,0.4,0.35,0.35,0.35,0.35,0.3,0.35,0.25,0.3,15978.5,15979.35,15971.65,15971.65,0
230,1657784100,52.95,18.44,10.3,26.8,4.6,12.45,1.9,5.0,1.05,2.2,0.7,0.85,0.65,0.6,0.45,0.45,0.45,0.45,0.35,0.35,0.35,0.3,0.35,0.25,0.3,15971.0,15977.85,15967.25,15974.4,0
231,1657784160,50.3,18.44,10.65,25.2,4.6,11.6,1.85,4.65,1.0,1.95,0.7,0.85,0.6,0.6,0.5,0.45,0.45,0.4,0.35,0.35,0.4,0.3,0.35,0.2,0.3,15974.65,15977.65,15970.3,15977.55,0
232,1657784220,48.45,18.46,11.6,23.9,5.1,10.85,2.1,4.3,1.1,1.9,0.65,0.85,0.55,0.55,0.45,0.45,0.4,0.4,0.35,0.35,0.4,0.3,0.3,0.25,0.25,15977.85,15983.05,15976.45,15980.2,0
233,1657784280,52.5,18.48,10.0,26.4,4.45,11.9,1.85,4.55,1.0,1.95,0.65,0.85,0.55,0.5,0.5,0.4,0.4,0.4,0.4,0.35,0.35,0.25,0.35,0.2,0.25,15980.8,15982.9,15974.6,15974.75,0
234,1657784340,55.75,18.47,9.3,28.3,4.1,12.95,1.7,5.0,0.9,2.1,0.6,0.85,0.55,0.55,0.45,0.45,0.4,0.35,0.35,0.3,0.35,0.3,0.3,0.2,0.3,15974.95,15975.55,15968.85,15969.05,0
235,1657784400,60.8,18.48,7.85,31.2,3.55,14.5,1.6,5.65,0.9,2.4,0.65,0.9,0.5,0.65,0.4,0.45,0.35,0.35,0.35,0.25,0.3,0.2,0.3,0.2,0.25,15969.0,15969.0,15958.8,15958.8,0
236,1657784460,57.85,18.47,8.55,29.65,3.85,13.5,1.65,5.2,0.9,2.2,0.65,0.85,0.55,0.6,0.4,0.45,0.35,0.35,0.3,0.25,0.3,0.25,0.3,0.2,0.25,15959.75,15966.1,15959.15,15965.5,0
237,1657784520,55.2,18.46,9.6,27.55,4.2,12.25,1.8,4.8,0.9,2.05,0.6,0.9,0.5,0.55,0.4,0.4,0.35,0.35,0.3,0.2,0.35,0.2,0.3,0.15,0.25,15964.65,15970.9,15962.9,15969.3,0
238,1657784580,50.2,18.44,10.35,24.6,4.4,10.7,1.8,4.0,0.95,1.65,0.65,0.7,0.5,0.55,0.4,0.45,0.35,0.35,0.3,0.25,0.35,0.2,0.3,0.15,0.25,15969.25,15975.95,15968.45,15975.95,0
239,1657784640,53.05,18.45,9.5,26.15,4.15,11.45,1.7,4.2,0.9,1.75,0.65,0.8,0.5,0.55,0.4,0.4,0.35,0.35,0.3,0.25,0.3,0.2,0.3,0.15,0.3,15975.75,15975.75,15971.55,15972.45,0
240,1657784700,57.0,18.47,8.45,28.5,3.75,12.85,1.6,4.8,0.9,2.0,0.6,0.85,0.55,0.55,0.45,0.4,0.35,0.4,0.3,0.25,0.3,0.25,0.3,0.2,0.3,15972.3,15972.3,15964.55,15965.2,0
241,1657784760,59.1,18.48,8.5,30.15,3.7,13.85,1.5,5.15,0.8,2.15,0.65,0.8,0.5,0.55,0.45,0.45,0.3,0.35,0.3,0.3,0.3,0.25,0.25,0.15,0.25,15965.0,15966.7,15962.25,15962.45,0
242,1657784820,54.3,18.5,9.55,27.0,4.05,12.05,1.55,4.5,0.8,1.9,0.65,0.75,0.5,0.5,0.4,0.4,0.35,0.35,0.35,0.3,0.3,0.25,0.3,0.15,0.3,15962.7,15968.65,15960.45,15967.45,0
243,1657784880,57.9,18.49,8.6,29.35,3.65,13.25,1.45,4.8,0.85,1.95,0.6,0.7,0.5,0.5,0.4,0.4,0.35,0.35,0.3,0.3,0.3,0.2,0.25,0.15,0.25,15969.3,15969.3,15963.5,15964.65,0
244,1657784940,63.8,18.47,6.85,32.95,3.0,15.0,1.3,5.6,0.8,2.2,0.65,0.8,0.45,0.55,0.4,0.4,0.3,0.35,0.3,0.3,0.35,0.2,0.25,0.15,0.25,15963.95,15963.95,15955.2,15955.5,0
245,1657785000,66.1,18.46,6.8,34.65,3.0,16.15,1.25,6.3,0.8,2.5,0.6,0.9,0.45,0.6,0.45,0.45,0.3,0.4,0.35,0.25,0.35,0.25,0.25,0.15,0.25,15955.5,15957.0,15953.0,15953.35,0
246,1657785060,71.65,18.48,5.3,38.25,2.35,18.25,1.05,7.35,0.7,2.9,0.55,1.0,0.5,0.6,0.4,0.45,0.3,0.35,0.35,0.25,0.35,0.2,0.25,0.2,0.25,15953.3,15953.3,15943.6,15944.65,0
247,1657785120,82.25,18.52,4.1,46.3,1.9,23.3,1.0,9.85,0.75,4.0,0.6,1.45,0.45,0.8,0.45,0.55,0.35,0.4,0.3,0.3,0.35,0.25,0.3,0.15,0.25,15944.4,15944.65,15929.8,15931.8,0
248,1657785180,84.35,18.55,3.9,46.85,1.8,23.0,0.95,9.6,0.7,3.9,0.6,1.45,0.45,0.75,0.4,0.45,0.4,0.4,0.3,0.3,0.35,0.2,0.3,0.2,0.25,15930.85,15930.85,15923.5,15926.25,0
249,1657785240,84.35,18.55,4.0,46.75,1.8,22.85,1.0,9.55,0.7,4.05,0.55,1.4,0.45,0.6,0.4,0.45,0.35,0.4,0.3,0.3,0.3,0.2,0.25,0.15,0.25,15926.55,15926.6,15922.1,15926.55,0
250,1657785300,84.2,18.55,4.1,46.05,1.95,22.7,1.0,9.0,0.75,3.7,0.6,1.3,0.45,0.7,0.45,0.45,0.35,0.4,0.3,0.3,0.35,0.2,0.25,0.15,0.3,15926.2,15934.3,15926.2,15931.2,0
251,1657785360,84.35,18.55,3.8,46.85,1.8,22.55,0.95,9.1,0.7,3.65,0.55,1.25,0.45,0.7,0.45,0.4,0.35,0.4,0.3,0.35,0.25,0.2,0.3,0.15,0.25,15930.85,15933.55,15928.65,15929.05,0
252,1657785420,82.95,18.54,3.6,45.45,1.7,22.0,1.0,8.9,0.65,3.6,0.55,1.25,0.5,0.7,0.4,0.45,0.35,0.35,0.35,0.3,0.3,0.2,0.25,0.15,0.3,15929.1,15929.75,15925.95,15928.45,0
253,1657785480,83.3,18.54,3.5,45.85,1.55,22.35,1.0,8.95,0.7,3.6,0.55,1.4,0.5,0.75,0.4,0.4,0.35,0.4,0.3,0.35,0.25,0.2,0.3,0.2,0.25,15928.3,15931.15,15924.75,15929.1,0
254,1657785540,80.0,18.52,3.75,42.95,1.75,20.3,0.95,7.9,0.75,3.15,0.55,1.15,0.5,0.55,0.4,0.4,0.4,0.4,0.3,0.3,0.25,0.2,0.25,0.15,0.25,15928.6,15934.55,15928.6,15933.65,0
255,1657785600,83.1,18.55,3.3,45.65,1.55,21.95,0.85,8.8,0.6,3.55,0.5,1.25,0.45,0.6,0.4,0.45,0.35,0.35,0.3,0.35,0.3,0.25,0.25,0.15,0.25,15932.85,15932.85,15924.65,15926.75,0
256,1657785660,76.85,18.52,3.7,40.85,1.7,19.1,0.85,7.25,0.6,2.85,0.5,0.95,0.45,0.55,0.45,0.45,0.4,0.4,0.3,0.3,0.25,0.2,0.2,0.15,0.25,15926.65,15941.95,15926.65,15937.95,0
257,1657785720,76.15,18.51,3.85,40.1,1.8,18.4,0.9,7.05,0.65,2.7,0.55,0.95,0.5,0.55,0.4,0.4,0.35,0.35,0.3,0.3,0.25,0.2,0.3,0.15,0.2,15937.5,15937.95,15933.85,15937.85,0
258,1657785780,83.1,18.52,3.15,45.25,1.5,21.35,0.8,8.2,0.65,3.1,0.55,1.05,0.5,0.6,0.4,0.4,0.4,0.4,0.3,0.3,0.25,0.25,0.25,0.15,0.2,15937.05,15937.2,15929.7,15930.05,0
259,1657785840,82.1,18.53,3.05,44.5,1.45,20.95,0.8,8.15,0.55,3.25,0.5,1.1,0.45,0.6,0.35,0.4,0.35,0.35,0.25,0.3,0.25,0.25,0.25,0.15,0.2,15928.95,15929.15,15922.4,15927.55,0
260,1657785900,84.6,18.53,2.9,46.25,1.35,22.25,0.75,8.55,0.6,3.4,0.45,1.15,0.45,0.6,0.35,0.45,0.35,0.35,0.25,0.3,0.2,0.25,0.2,0.1,0.25,15927.25,15932.55,15925.5,15926.45,0
261,1657785960,84.35,18.53,2.95,46.0,1.35,21.75,0.85,8.35,0.6,3.3,0.45,1.15,0.4,0.55,0.3,0.4,0.3,0.35,0.25,0.25,0.25,0.25,0.25,0.15,0.2,15925.9,15927.9,15925.35,15926.8,0
262,1657786020,87.15,18.56,2.7,48.25,1.3,22.8,0.75,9.0,0.55,3.6,0.5,1.25,0.35,0.6,0.3,0.4,0.3,0.4,0.3,0.3,0.2,0.2,0.2,0.1,0.25,15926.55,15928.75,15920.35,15920.95,0
263,1657786080,78.4,18.5,3.2,41.2,1.5,19.0,0.75,6.95,0.6,2.7,0.4,0.95,0.4,0.55,0.3,0.45,0.3,0.3,0.3,0.25,0.25,0.2,0.2,0.1,0.2,15920.7,15933.45,15919.4,15930.55,0
264,1657786140,79.2,18.51,3.1,41.95,1.4,19.25,0.75,7.05,0.6,2.65,0.45,0.95,0.35,0.55,0.35,0.4,0.3,0.35,0.25,0.25,0.2,0.25,0.2,0.1,0.25,15930.25,15930.9,15926.75,15930.9,0
265,1657786200,86.6,18.53,2.55,47.8,1.2,22.55,0.7,8.55,0.5,3.2,0.4,1.15,0.4,0.65,0.35,0.45,0.35,0.35,0.25,0.25,0.2,0.2,0.2,0.15,0.2,15929.2,15932.1,15919.05,15919.5,0
266,1657786260,84.5,18.48,2.5,45.55,1.2,21.0,0.7,7.7,0.5,2.85,0.4,0.9,0.35,0.55,0.3,0.4,0.3,0.35,0.25,0.25,0.25,0.2,0.2,0.15,0.2,15919.25,15931.3,15919.25,15924.95,0
267,1657786320,82.3,18.49,2.6,44.2,1.2,20.3,0.65,7.4,0.45,2.7,0.35,0.9,0.4,0.55,0.3,0.45,0.3,0.3,0.2,0.3,0.2,0.2,0.2,0.1,0.2,15925.0,15928.15,15920.95,15926.65,0
268,1657786380,80.6,18.49,2.7,42.8,1.25,19.6,0.65,6.95,0.5,2.55,0.4,0.85,0.35,0.5,0.3,0.45,0.3,0.3,0.2,0.25,0.2,0.2,0.2,0.1,0.2,15927.3,15927.3,15923.95,15926.4,0
269,1657786440,78.65,18.48,2.85,41.25,1.3,18.6,0.7,6.65,0.45,2.35,0.35,0.8,0.3,0.45,0.25,0.35,0.25,0.3,0.15,0.25,0.2,0.2,0.2,0.1,0.25,15928.5,15929.8,15926.7,15928.8,0
270,1657786500,74.4,18.45,3.2,37.5,1.4,15.9,0.75,5.15,0.55,1.75,0.4,0.6,0.3,0.4,0.25,0.35,0.25,0.35,0.15,0.25,0.15,0.2,0.25,0.15,0.2,15929.85,15939.1,15929.45,15938.4,0
271,1657786560,70.55,18.42,3.3,34.75,1.45,14.3,0.7,4.65,0.45,1.65,0.4,0.45,0.3,0.35,0.25,0.3,0.25,0.35,0.15,0.25,0.2,0.2,0.15,0.15,0.15,15938.5,15943.85,15936.35,15941.6,0
272,1657786620,72.45,18.43,3.1,35.95,1.35,14.85,0.7,4.8,0.5,1.65,0.4,0.5,0.3,0.3,0.25,0.25,0.25,0.25,0.1,0.2,0.2,0.2,0.15,0.1,0.15,15941.4,15943.65,15938.2,15940.65,0
273,1657786680,81.35,18.47,2.3,42.7,1.1,18.5,0.6,6.3,0.45,2.1,0.35,0.55,0.35,0.35,0.25,0.3,0.25,0.25,0.15,0.2,0.15,0.15,0.15,0.1,0.2,15941.25,15941.25,15930.5,15931.0,0
274,1657786740,72.5,18.41,2.65,36.35,1.1,15.35,0.6,5.1,0.4,1.8,0.35,0.5,0.3,0.3,0.25,0.25,0.2,0.2,0.1,0.2,0.15,0.15,0.15,0.15,0.15,15931.15,15942.3,15929.65,15938.3,0
275,1657786800,73.7,18.43,2.55,37.1,1.0,15.5,0.6,5.1,0.4,1.8,0.35,0.45,0.3,0.3,0.25,0.3,0.25,0.25,0.1,0.2,0.15,0.15,0.15,0.1,0.15,15939.5,15940.45,15933.45,15935.25,0
276,1657786860,78.2,18.43,2.35,40.2,0.95,17.2,0.55,5.8,0.45,2.0,0.3,0.55,0.3,0.3,0.25,0.2,0.2,0.25,0.15,0.15,0.15,0.15,0.2,0.1,0.15,15935.0,15935.15,15927.15,15929.75,0
277,1657786920,75.5,18.44,2.5,38.55,1.0,16.25,0.55,5.35,0.45,1.8,0.3,0.5,0.3,0.25,0.25,0.25,0.25,0.25,0.1,0.25,0.15,0.2,0.2,0.25,0.15,15930.85,15934.4,15929.0,15934.1,0
278,1657786980,81.05,18.44,1.95,42.45,0.8,18.15,0.5,6.1,0.4,2.0,0.3,0.55,0.25,0.3,0.2,0.2,0.2,0.2,0.15,0.15,0.15,0.15,0.15,0.2,0.15,15935.25,15935.4,15926.8,15927.65,0
279,1657787040,86.35,18.49,1.7,46.1,0.8,20.35,0.45,7.0,0.35,2.35,0.35,0.6,0.25,0.3,0.25,0.2,0.2,0.2,0.15,0.15,0.15,0.15,0.15,0.2,0.15,15927.85,15927.85,15917.1,15921.25,0
280,1657787100,87.8,18.5,1.3,47.15,0.75,21.0,0.5,7.15,0.4,2.35,0.35,0.65,0.25,0.3,0.25,0.2,0.2,0.2,0.15,0.15,0.2,0.15,0.15,0.15,0.15,15922.4,15922.4,15914.55,15915.5,0
281,1657787160,88.25,18.49,1.3,47.7,0.7,21.4,0.5,7.2,0.35,2.4,0.3,0.6,0.25,0.25,0.2,0.25,0.15,0.2,0.2,0.2,0.15,0.2,0.15,0.15,0.1,15915.55,15920.6,15915.4,15915.4,0
282,1657787220,91.6,18.47,1.25,50.1,0.7,22.6,0.5,7.7,0.35,2.5,0.25,0.65,0.25,0.35,0.2,0.25,0.15,0.2,0.15,0.2,0.15,0.2,0.2,0.2,0.15,15915.85,15915.95,15912.2,15912.45,0
283,1657787280,89.0,18.46,1.25,47.8,0.7,20.9,0.5,6.75,0.4,2.15,0.3,0.6,0.3,0.25,0.2,0.25,0.2,0.2,0.15,0.2,0.1,0.15,0.15,0.15,0.15,15912.35,15915.5,15911.55,15912.75,0
284,1657787340,97.75,18.47,1.1,55.2,0.7,25.0,0.45,8.4,0.35,2.6,0.25,0.65,0.3,0.3,0.2,0.2,0.15,0.25,0.2,0.15,0.15,0.15,0.15,0.15,0.1,15913.15,15913.15,15905.95,15906.25,0
285,1657787400,105.0,18.47,1.1,61.3,0.65,28.8,0.5,10.1,0.35,3.2,0.25,0.75,0.25,0.25,0.2,0.25,0.15,0.2,0.2,0.2,0.15,0.2,0.1,0.15,0.15,15906.3,15906.3,15897.6,15898.75,0
286,1657787460,103.75,18.48,1.1,59.75,0.7,27.5,0.5,9.4,0.35,3.2,0.3,0.75,0.3,0.3,0.2,0.25,0.15,0.2,0.15,0.2,0.15,0.15,0.15,0.1,0.1,15898.95,15899.3,15893.25,15897.55,0
287,1657787520,99.45,18.46,1.15,56.1,0.65,24.7,0.45,8.0,0.35,2.4,0.25,0.55,0.25,0.3,0.25,0.2,0.2,0.25,0.15,0.15,0.15,0.2,0.1,0.1,0.1,15899.45,15905.05,15897.05,15904.55,0
288,1657787580,101.8,18.46,1.15,57.65,0.65,26.0,0.45,8.3,0.35,2.4,0.3,0.55,0.3,0.3,0.2,0.2,0.15,0.25,0.15,0.2,0.2,0.15,0.15,0.1,0.1,15904.55,15904.55,15900.05,15903.2,0
289,1657787640,104.35,18.47,1.05,59.85,0.65,27.0,0.45,8.8,0.35,2.65,0.35,0.6,0.25,0.3,0.25,0.2,0.2,0.2,0.2,0.15,0.15,0.2,0.1,0.1,0.1,15902.85,15902.9,15899.05,15900.35,0
290,1657787700,97.3,18.46,1.2,53.9,0.75,22.65,0.45,6.7,0.35,1.9,0.3,0.35,0.25,0.25,0.15,0.2,0.15,0.2,0.15,0.15,0.15,0.15,0.1,0.1,0.15,15900.8,15908.85,15900.8,15908.85,0
291,1657787760,95.8,18.46,1.1,52.9,0.7,21.3,0.5,6.2,0.4,1.8,0.3,0.4,0.25,0.25,0.15,0.2,0.15,0.2,0.15,0.15,0.15,0.15,0.1,0.1,0.1,15909.0,15914.65,15908.0,15911.65,0
292,1657787820,94.2,18.47,1.2,51.0,0.7,20.15,0.5,5.75,0.35,1.7,0.25,0.4,0.25,0.2,0.2,0.2,0.15,0.2,0.15,0.15,0.15,0.15,0.1,0.15,0.1,15912.55,15916.85,15911.5,15916.3,0
293,1657787880,95.0,18.45,1.3,52.0,0.75,20.3,0.5,5.85,0.35,1.65,0.25,0.4,0.25,0.25,0.15,0.2,0.2,0.15,0.15,0.15,0.15,0.1,0.1,0.15,0.15,15916.5,15920.9,15915.4,15916.15,0
294,1657787940,103.35,18.46,1.05,58.65,0.7,24.85,0.5,7.45,0.4,2.05,0.3,0.4,0.3,0.2,0.15,0.2,0.2,0.2,0.15,0.1,0.15,0.15,0.1,0.15,0.15,15916.05,15916.4,15907.95,15907.95,0
295,1657788000,107.0,18.47,0.95,61.45,0.7,26.8,0.45,8.6,0.35,2.45,0.25,0.55,0.25,0.2,0.2,0.2,0.15,0.2,0.15,0.15,0.15,0.1,0.1,0.1,0.15,15908.3,15908.75,15900.4,15901.2,0
296,1657788060,113.8,18.47,0.95,66.55,0.6,29.7,0.4,9.55,0.35,2.65,0.3,0.55,0.25,0.2,0.2,0.15,0.15,0.2,0.15,0.15,0.2,0.1,0.1,0.1,0.1,15901.0,15901.85,15891.15,15891.75,0
297,1657788120,119.65,18.54,0.8,72.45,0.55,33.75,0.45,11.3,0.35,3.0,0.3,0.65,0.3,0.25,0.25,0.2,0.2,0.15,0.1,0.15,0.2,0.1,0.1,0.1,0.1,15892.75,15892.75,15883.8,15885.3,0
298,1657788180,126.0,18.57,0.75,78.0,0.55,38.2,0.45,13.7,0.4,3.85,0.3,0.65,0.3,0.2,0.25,0.25,0.2,0.15,0.15,0.15,0.2,0.1,0.1,0.1,0.1,15885.85,15885.85,15873.8,15875.15,0
299,1657788240,126.6,18.6,0.75,78.45,0.5,38.4,0.4,13.65,0.3,3.85,0.3,0.7,0.3,0.25,0.3,0.25,0.25,0.15,0.2,0.15,0.2,0.1,0.15,0.1,0.15,15874.55,15877.5,15871.35,15872.3,0
300,1657788300,124.2,18.61,0.7,76.05,0.55,36.3,0.5,12.0,0.35,3.1,0.3,0.55,0.3,0.2,0.2,0.2,0.2,0.2,0.15,0.15,0.15,0.15,0.15,0.1,0.1,15872.4,15882.3,15870.9,15878.45,0
301,1657788360,125.1,18.62,0.75,77.5,0.5,37.55,0.45,13.05,0.35,3.8,0.35,0.75,0.25,0.25,0.2,0.2,0.15,0.2,0.15,0.15,0.2,0.1,0.2,0.1,0.15,15879.5,15879.5,15874.25,15875.8,0
302,1657788420,121.45,18.6,0.75,75.15,0.5,35.4,0.4,11.55,0.35,3.2,0.3,0.6,0.3,0.25,0.2,0.2,0.2,0.2,0.1,0.1,0.15,0.15,0.15,0.1,0.15,15876.65,15881.4,15875.2,15880.45,0
303,1657788480,120.95,18.57,0.7,73.25,0.55,33.95,0.45,10.9,0.35,2.8,0.25,0.5,0.3,0.2,0.2,0.15,0.15,0.2,0.15,0.15,0.1,0.1,0.15,0.1,0.1,15880.3,15883.85,15879.4,15882.65,0
304,1657788540,117.95,18.53,0.65,70.5,0.5,31.6,0.35,9.9,0.35,2.4,0.25,0.55,0.25,0.2,0.2,0.2,0.15,0.2,0.1,0.1,0.1,0.15,0.15,0.1,0.1,15882.95,15889.5,15882.1,15888.25,0
305,1657788600,121.9,18.56,0.55,73.5,0.4,34.0,0.4,11.35,0.3,3.05,0.25,0.55,0.25,0.2,0.25,0.2,0.15,0.15,0.1,0.1,0.1,0.15,0.1,0.1,0.15,15888.3,15888.3,15882.45,15883.45,0
306,1657788660,127.7,18.57,0.45,78.55,0.4,36.65,0.35,12.4,0.3,3.4,0.25,0.7,0.2,0.3,0.2,0.2,0.15,0.15,0.1,0.1,0.1,0.15,0.1,0.05,0.15,15883.45,15883.45,15875.45,15877.3,0
307,1657788720,136.5,18.61,0.45,87.35,0.35,43.7,0.3,16.55,0.25,5.15,0.2,1.15,0.25,0.3,0.2,0.15,0.15,0.15,0.1,0.1,0.1,0.1,0.1,0.05,0.15,15876.55,15877.25,15867.1,15869.15,0
308,1657788780,139.4,18.6,0.45,90.55,0.4,46.4,0.3,16.6,0.25,4.8,0.25,0.9,0.2,0.3,0.2,0.2,0.15,0.15,0.1,0.15,0.1,0.1,0.15,0.1,0.1,15869.3,15869.3,15862.3,15863.55,0
309,1657788840,135.35,18.61,0.45,85.7,0.4,42.25,0.35,14.35,0.3,3.75,0.25,0.75,0.2,0.35,0.15,0.25,0.15,0.2,0.15,0.15,0.1,0.15,0.1,0.1,0.1,15864.15,15869.4,15861.6,15867.1,0
310,1657788900,141.6,18.63,0.4,92.85,0.35,47.8,0.35,17.7,0.3,4.9,0.25,0.9,0.25,0.4,0.15,0.2,0.15,0.2,0.1,0.1,0.1,0.1,0.1,0.05,0.1,15866.2,15866.85,15859.9,15860.45,0
311,1657788960,129.85,18.67,0.45,81.0,0.35,37.9,0.3,12.0,0.3,2.75,0.2,0.65,0.2,0.35,0.15,0.2,0.15,0.15,0.1,0.1,0.1,0.1,0.15,0.05,0.1,15861.05,15872.7,15858.2,15872.4,0
312,1657789020,130.65,18.68,0.45,81.75,0.35,38.5,0.3,11.8,0.25,2.9,0.25,0.6,0.2,0.35,0.15,0.25,0.15,0.1,0.1,0.15,0.1,0.1,0.1,0.1,0.05,15873.75,15879.8,15871.2,15876.05,0
313,1657789080,128.2,18.66,0.5,79.35,0.4,36.45,0.35,10.75,0.25,2.55,0.25,0.6,0.2,0.25,0.2,0.15,0.1,0.1,0.1,0.1,0.1,0.1,0.1,0.05,0.05,15875.65,15879.1,15874.85,15878.85,0
314,1657789140,133.8,18.67,0.5,85.0,0.4,41.45,0.3,13.1,0.25,3.25,0.2,0.7,0.25,0.3,0.2,0.2,0.1,0.1,0.1,0.1,0.1,0.1,0.1,0.05,0.1,15878.7,15880.2,15871.7,15871.95,0
315,1657789200,129.1,18.65,0.5,80.65,0.35,37.55,0.35,11.5,0.3,2.9,0.2,0.65,0.25,0.3,0.2,0.15,0.15,0.15,0.1,0.15,0.15,0.1,0.05,0.1,0.1,15872.85,15878.85,15868.1,15877.9,0
316,1657789260,128.25,18.65,0.55,79.65,0.4,37.3,0.3,10.75,0.3,2.65,0.25,0.6,0.2,0.3,0.15,0.2,0.1,0.15,0.1,0.1,0.15,0.15,0.1,0.1,0.1,15877.7,15883.05,15877.4,15880.2,0
317,1657789320,127.8,18.65,0.55,78.8,0.4,36.35,0.3,9.95,0.25,2.15,0.2,0.55,0.2,0.3,0.15,0.2,0.1,0.1,0.1,0.1,0.1,0.1,0.05,0.1,0.1,15880.2,15880.25,15875.95,15879.65,0
318,1657789380,121.3,18.61,0.5,73.15,0.4,32.0,0.35,8.0,0.3,1.85,0.2,0.6,0.2,0.3,0.15,0.2,0.15,0.15,0.1,0.15,0.1,0.05,0.05,0.1,0.05,15879.4,15887.1,15879.3,15886.75,0
319,1657789440,113.4,18.52,0.55,65.85,0.35,26.9,0.3,6.55,0.25,1.6,0.25,0.5,0.15,0.25,0.1,0.2,0.1,0.2,0.1,0.15,0.1,0.05,0.05,0.1,0.05,15885.9,15892.45,15884.45,15892.45,0
320,1657789500,118.9,18.51,0.55,70.9,0.35,29.6,0.35,7.6,0.25,1.9,0.25,0.5,0.2,0.3,0.1,0.2,0.1,0.15,0.05,0.15,0.1,0.1,0.1,0.05,0.05,15893.5,15894.7,15889.45,15889.55,0
321,1657789560,105.05,18.47,0.6,57.8,0.4,20.95,0.35,4.85,0.25,1.3,0.25,0.5,0.15,0.3,0.15,0.2,0.1,0.15,0.05,0.1,0.15,0.1,0.1,0.1,0.05,15889.65,15901.65,15888.65,15901.45,0
322,1657789620,102.8,18.44,0.65,55.55,0.4,19.05,0.4,4.05,0.3,1.15,0.25,0.5,0.15,0.3,0.1,0.2,0.1,0.25,0.05,0.1,0.1,0.1,0.1,0.05,0.1,15901.85,15913.35,15899.85,15908.2,0
323,1657789680,103.3,18.45,0.6,55.95,0.4,19.2,0.35,3.95,0.25,1.2,0.2,0.55,0.15,0.25,0.1,0.2,0.1,0.15,0.05,0.15,0.05,0.05,0.1,0.1,0.05,15908.15,15910.0,15905.15,15905.65,0
324,1657789740,99.8,18.44,0.55,52.6,0.4,17.05,0.35,3.3,0.25,1.0,0.2,0.5,0.15,0.25,0.15,0.15,0.1,0.2,0.05,0.15,0.1,0.05,0.05,0.05,0.05,15906.15,15909.15,15902.8,15908.25,0
325,1657789800,92.7,18.39,0.55,46.3,0.4,13.15,0.3,2.75,0.25,0.65,0.2,0.4,0.2,0.25,0.1,0.2,0.1,0.25,0.1,0.1,0.1,0.1,0.05,0.05,0.05,15908.7,15915.8,15904.45,15913.35,0
326,1657789860,101.2,18.42,0.5,53.8,0.35,16.9,0.3,2.9,0.3,0.65,0.25,0.3,0.2,0.2,0.1,0.2,0.1,0.2,0.05,0.2,0.05,0.05,0.05,0.05,0.05,15913.4,15914.35,15906.8,15908.0,0
327,1657789920,101.5,18.44,0.45,53.7,0.3,16.85,0.25,3.1,0.25,0.9,0.25,0.3,0.2,0.2,0.15,0.25,0.1,0.2,0.1,0.15,0.05,0.1,0.05,0.05,0.1,15908.1,15909.35,15905.0,15907.0,0
328,1657789980,95.65,18.44,0.45,48.55,0.3,13.45,0.3,2.5,0.25,0.7,0.2,0.25,0.25,0.25,0.1,0.2,0.1,0.2,0.05,0.15,0.1,0.05,0.05,0.1,0.05,15907.3,15907.65,15902.4,15907.65,0
329,1657790040,101.65,18.46,0.4,53.65,0.25,16.3,0.2,2.2,0.25,0.7,0.2,0.25,0.2,0.2,0.1,0.2,0.1,0.25,0.1,0.1,0.1,0.05,0.1,0.05,0.1,15908.25,15910.05,15902.8,15904.7,0
330,1657790100,103.75,18.46,0.4,55.5,0.25,16.4,0.25,1.7,0.25,0.55,0.2,0.2,0.25,0.15,0.1,0.15,0.15,0.15,0.05,0.1,0.1,0.05,0.05,0.1,0.05,15904.35,15906.0,15902.0,15902.5,0
331,1657790160,101.25,18.46,0.35,52.75,0.25,15.25,0.2,1.95,0.2,0.45,0.2,0.15,0.2,0.2,0.1,0.2,0.1,0.15,0.05,0.1,0.1,0.05,0.05,0.1,0.05,15902.4,15905.7,15896.4,15904.25,0
332,1657790220,100.8,18.48,0.3,52.45,0.2,15.15,0.2,1.9,0.2,0.4,0.15,0.2,0.15,0.2,0.1,0.15,0.1,0.15,0.05,0.15,0.1,0.05,0.1,0.05,0.1,15904.0,15904.0,15900.2,15902.0,0
333,1657790280,109.3,18.46,0.3,60.25,0.25,19.5,0.2,2.65,0.2,0.45,0.15,0.2,0.15,0.15,0.1,0.15,0.05,0.15,0.05,0.1,0.1,0.1,0.05,0.1,0.1,15902.05,15902.05,15893.85,15893.85,0
334,1657790340,109.2,18.49,0.25,59.7,0.2,18.95,0.2,2.65,0.2,0.45,0.15,0.2,0.15,0.15,0.1,0.15,0.1,0.1,0.05,0.15,0.1,0.05,0.05,0.05,0.1,15894.6,15898.1,15891.9,15895.5,0
335,1657790400,110.3,18.51,0.25,61.35,0.2,18.95,0.15,2.4,0.2,0.5,0.15,0.25,0.15,0.2,0.15,0.15,0.1,0.1,0.1,0.15,0.1,0.05,0.05,0.05,0.05,15895.4,15897.45,15893.3,15893.5,0
336,1657790460,105.05,18.49,0.25,56.1,0.2,16.25,0.2,1.8,0.15,0.5,0.15,0.2,0.15,0.2,0.1,0.1,0.1,0.15,0.05,0.15,0.1,0.05,0.05,0.05,0.05,15893.45,15901.1,15892.95,15900.6,0
337,1657790520,110.45,18.51,0.2,61.1,0.15,18.8,0.2,2.1,0.2,0.4,0.1,0.25,0.1,0.2,0.05,0.1,0.05,0.15,0.05,0.15,0.1,0.05,0.1,0.05,0.05,15900.85,15900.9,15894.1,15894.1,0
338,1657790580,115.4,18.51,0.25,65.35,0.15,22.2,0.2,3.15,0.15,0.5,0.15,0.2,0.15,0.15,0.1,0.15,0.05,0.1,0.1,0.1,0.15,0.05,0.05,0.1,0.05,15894.7,15895.3,15887.4,15888.7,0
339,1657790640,118.75,18.51,0.25,69.2,0.2,24.5,0.15,3.45,0.15,0.55,0.1,0.2,0.1,0.15,0.05,0.1,0.1,0.1,0.05,0.1,0.1,0.05,0.05,0.05,0.05,15888.15,15889.35,15883.2,15884.9,0
340,1657790700,107.0,18.49,0.15,57.7,0.1,16.45,0.15,1.7,0.1,0.4,0.1,0.2,0.1,0.1,0.05,0.1,0.1,0.15,0.05,0.15,0.1,0.05,0.05,0.05,0.05,15884.65,15893.55,15883.25,15893.15,0
341,1657790760,115.0,18.49,0.15,65.2,0.1,21.45,0.1,1.9,0.1,0.45,0.1,0.15,0.15,0.1,0.05,0.15,0.05,0.1,0.05,0.15,0.1,0.05,0.05,0.05,0.05,15894.0,15894.1,15887.0,15888.6,0
342,1657790820,106.95,18.48,0.15,57.75,0.1,16.15,0.1,1.1,0.1,0.35,0.1,0.15,0.1,0.1,0.05,0.1,0.05,0.1,0.05,0.1,0.1,0.1,0.05,0.05,0.05,15888.55,15893.75,15888.3,15892.85,0
343,1657790880,107.2,18.44,0.15,57.85,0.1,15.9,0.15,1.2,0.1,0.35,0.1,0.2,0.1,0.1,0.05,0.1,0.1,0.1,0.05,0.1,0.05,0.1,0.05,0.05,0.05,15893.7,15896.0,15890.55,15895.5,0
344,1657790940,105.35,18.46,0.15,55.85,0.1,14.5,0.15,1.05,0.15,0.35,0.1,0.1,0.1,0.1,0.1,0.1,0.05,0.1,0.05,0.05,0.05,0.05,0.05,0.05,0.05,15895.9,15900.7,15895.9,15898.45,0
345,1657791000,85.85,18.38,0.15,37.0,0.1,4.5,0.15,0.35,0.1,0.25,0.1,0.1,0.1,0.1,0.05,0.05,0.05,0.1,0.05,0.1,0.05,0.1,0.05,0.1,0.05,15898.35,15923.0,15898.35,15923.0,0
346,1657791060,87.3,18.38,0.15,38.15,0.1,3.65,0.1,0.35,0.1,0.15,0.05,0.1,0.1,0.1,0.05,0.05,0.05,0.1,0.05,0.1,0.1,0.1,0.05,0.05,0.05,15923.1,15928.9,15921.8,15921.95,0
347,1657791120,92.45,18.42,0.15,42.8,0.15,5.05,0.1,0.45,0.1,0.1,0.05,0.1,0.15,0.1,0.05,0.1,0.05,0.05,0.05,0.15,0.05,0.05,0.05,0.1,0.05,15921.9,15922.25,15908.8,15912.75,0
348,1657791180,86.7,18.41,0.15,37.35,0.1,3.15,0.1,0.25,0.1,0.1,0.15,0.05,0.05,0.05,0.1,0.05,0.05,0.1,0.05,0.05,0.05,0.05,0.1,0.1,0.05,15913.4,15925.7,15913.2,15922.35,0
349,1657791240,82.15,18.44,0.1,32.95,0.1,1.8,0.1,0.25,0.1,0.1,0.05,0.1,0.1,0.05,0.1,0.1,0.05,0.05,0.05,0.1,0.05,0.05,0.05,0.1,0.05,15922.25,15925.45,15919.95,15925.4,0
350,1657791300,79.75,18.43,0.1,30.4,0.1,1.15,0.1,0.15,0.1,0.15,0.05,0.05,0.1,0.1,0.05,0.05,0.05,0.1,0.05,0.05,0.05,0.05,0.1,0.05,0.05,15925.55,15927.0,15923.1,15926.5,0
351,1657791360,82.1,18.39,0.1,32.35,0.1,1.1,0.1,0.15,0.1,0.1,0.05,0.1,0.05,0.05,0.05,0.05,0.05,0.05,0.05,0.05,0.05,0.05,0.05,0.05,0.1,15926.45,15929.7,15924.8,15926.25,0
352,1657791420,76.0,18.42,0.15,26.0,0.1,0.5,0.1,0.1,0.05,0.05,0.05,0.05,0.1,0.05,0.05,0.05,0.05,0.05,0.05,0.05,0.05,0.05,0.05,0.05,0.05,15925.75,15931.95,15924.05,15931.5,0
353,1657791480,72.75,18.39,0.15,23.45,0.15,0.35,0.15,0.15,0.1,0.05,0.1,0.05,0.05,0.05,0.05,0.05,0.05,0.05,0.05,0.05,0.05,0.05,0.05,0.05,0.05,15930.75,15933.85,15930.75,15932.2,0
354,1657791540,69.05,18.38,0.15,19.9,0.1,0.45,0.1,0.1,0.1,0.05,0.1,0.05,0.1,0.05,0.1,0.05,0.1,0.05,0.05,0.05,0.1,0.05,0.05,0.05,0.1,15932.2,15937.35,15932.2,15937.35,0
355,1657791600,69.95,18.36,0.1,20.65,0.05,0.3,0.05,0.05,0.05,0.05,0.05,0.05,0.1,0.05,0.05,0.05,0.1,0.1,0.05,0.05,0.05,0.05,0.05,0.05,0.05,15938.7,15943.9,15938.7,15938.9,0
356,1657791660,63.6,18.35,0.1,14.75,0.05,0.2,0.1,0.05,0.05,0.05,0.1,0.05,0.05,0.05,0.05,0.05,0.1,0.05,0.05,0.1,0.05,0.05,0.05,0.05,0.05,15939.3,15944.4,15939.3,15944.4,0
357,1657791720,63.7,18.31,0.1,14.5,0.15,0.15,0.1,0.05,0.1,0.05,0.05,0.05,0.1,0.1,0.05,0.1,0.05,0.05,0.05,0.05,0.05,0.05,0.05,0.05,0.05,15945.0,15948.25,15945.0,15947.25,0
358,1657791780,62.65,18.3,0.1,13.35,0.1,0.1,0.1,0.1,0.1,0.05,0.1,0.05,0.05,0.05,0.05,0.05,0.05,0.1,0.05,0.1,0.1,0.05,0.05,0.05,0.05,15947.5,15954.8,15947.15,15947.7,0
359,1657791840,63.05,18.32,0.1,13.65,0.1,0.15,0.15,0.1,0.05,0.1,0.1,0.05,0.1,0.05,0.05,0.05,0.1,0.05,0.05,0.05,0.05,0.1,0.05,0.05,0.05,15947.5,15947.55,15940.95,15942.5,0
360,1657791900,62.55,18.33,0.1,13.1,0.1,0.2,0.05,0.1,0.05,0.05,0.05,0.05,0.05,0.05,0.05,0.05,0.05,0.05,0.05,0.05,0.05,0.05,0.05,0.05,0.05,15942.55,15942.7,15934.5,15941.55,0
361,1657791960,64.25,18.33,0.1,14.6,0.05,0.25,0.05,0.05,0.1,0.05,0.05,0.05,0.1,0.05,0.05,0.05,0.1,0.05,0.05,0.05,0.05,0.05,0.05,0.05,0.05,15941.9,15943.45,15938.85,15939.5,0
362,1657792020,62.45,18.36,0.1,12.5,0.1,0.1,0.05,0.1,0.05,0.05,0.05,0.05,0.05,0.05,0.05,0.05,0.05,0.05,0.05,0.05,0.05,0.05,0.05,0.05,0.05,15939.55,15941.3,15938.8,15940.65,0
363,1657792080,63.05,18.32,0.1,13.25,0.1,0.1,0.1,0.05,0.05,0.05,0.05,0.05,0.1,0.05,0.05,0.05,0.1,0.05,0.05,0.05,0.05,0.05,0.05,0.05,0.05,15941.15,15942.1,15937.65,15939.9,0
364,1657792140,58.6,18.28,0.1,9.0,0.1,0.1,0.1,0.05,0.05,0.05,0.1,0.05,0.1,0.05,0.05,0.05,0.05,0.05,0.05,0.05,0.05,0.05,0.05,0.05,0.05,15940.3,15949.8,15940.2,15949.45,0
365,1657792200,61.35,18.31,0.05,11.65,0.05,0.05,0.1,0.05,0.05,0.05,0.05,0.05,0.05,0.05,0.05,0.05,0.05,0.05,0.05,0.05,0.05,0.05,0.05,0.05,0.05,15950.05,15951.15,15944.4,15945.95,0
366,1657792260,61.0,18.3,0.1,11.2,0.05,0.1,0.05,0.05,0.05,0.05,0.05,0.05,0.05,0.05,0.05,0.05,0.05,0.05,0.05,0.05,0.05,0.05,0.05,0.05,0.05,15946.3,15950.2,15945.45,15945.75,0
367,1657792320,59.7,18.31,0.05,10.05,0.05,0.05,0.05,0.05,0.05,0.05,0.1,0.05,0.05,0.05,0.05,0.05,0.05,0.05,0.05,0.05,0.05,0.05,0.05,0.05,0.05,15945.3,15951.3,15945.3,15951.3,0
368,1657792380,58.7,18.28,0.05,8.8,0.05,0.05,0.1,0.05,0.05,0.05,0.05,0.05,0.05,0.05,0.05,0.05,0.05,0.05,0.05,0.05,0.05,0.05,0.05,0.05,0.05,15951.55,15952.7,15950.05,15952.2,0
369,1657792440,59.1,18.26,0.05,9.25,0.05,0.05,0.05,0.05,0.05,0.05,0.05,0.05,0.05,0.05,0.05,0.05,0.05,0.05,0.05,0.05,0.05,0.05,0.05,0.05,0.05,15952.3,15952.6,15950.55,15952.1,0
370,1657792500,59.9,18.27,0.05,10.0,0.05,0.05,0.05,0.05,0.05,0.05,0.05,0.05,0.05,0.05,0.05,0.05,0.05,0.05,0.05,0.05,0.05,0.05,0.05,0.05,0.05,15951.8,15951.95,15949.0,15951.05,0
371,1657792560,59.7,18.29,0.05,9.85,0.05,0.05,0.05,0.05,0.05,0.05,0.1,0.05,0.05,0.05,0.05,0.05,0.05,0.05,0.05,0.05,0.05,0.05,0.05,0.05,0.05,15951.45,15952.7,15950.2,15952.35,0
372,1657792620,59.85,18.25,0.05,9.9,0.05,0.05,0.05,0.05,0.1,0.05,0.05,0.05,0.05,0.05,0.05,0.05,0.05,0.05,0.05,0.05,0.05,0.05,0.05,0.05,0.05,15952.65,15954.4,15951.5,15954.0,0
373,1657792680,60.4,18.26,0.05,10.45,0.05,0.05,0.05,0.05,0.05,0.05,0.05,0.05,0.05,0.05,0.05,0.05,0.05,0.05,0.05,0.05,0.05,0.05,0.05,0.05,0.05,15954.3,15955.1,15945.25,15946.4,0
