,epoch,PE_16100,vix_close,CE_16150,PE_16050,CE_16200,PE_16000,CE_16250,PE_15950,CE_16300,PE_15900,CE_16350,PE_15850,CE_16400,PE_15800,CE_16450,PE_15750,CE_16500,PE_15700,CE_16550,PE_15650,CE_16600,PE_15600,CE_16650,PE_15550,CE_16700,nifty_open,nifty_high,nifty_low,nifty_close,nifty_volume
0,1657511100,110.45,19.19,112.0,91.55,87.9,74.45,67.8,60.15,50.35,48.35,36.7,38.8,26.0,31.0,17.9,24.65,12.3,19.4,7.95,15.0,5.25,12.1,3.65,9.3,2.9,16136.15,16152.1,16117.85,16137.2,0
1,1657511160,105.8,19.13,117.6,87.15,92.8,70.8,71.4,57.15,53.25,45.65,38.95,37.1,27.85,29.65,19.25,23.55,13.05,18.55,8.45,14.55,5.65,11.55,3.8,9.0,2.85,16137.5,16148.25,16131.1,16148.25,0
2,1657511220,105.4,19.08,121.95,86.7,96.85,71.0,75.2,57.1,56.65,45.9,41.0,36.9,29.85,29.45,20.6,23.3,13.9,18.45,9.1,14.25,5.95,11.35,4.1,8.8,3.05,16149.0,16166.75,16149.0,16153.05,0
3,1657511280,103.55,19.06,124.0,85.05,98.65,69.6,76.7,56.0,57.75,45.1,42.7,36.4,30.85,29.0,21.4,23.1,14.7,18.25,9.65,14.25,6.3,11.3,4.25,8.8,3.2,16153.2,16158.65,16147.05,16158.65,0
4,1657511340,103.45,19.16,125.1,84.95,100.0,69.4,77.95,56.05,58.95,44.9,43.8,36.3,31.8,29.0,22.5,23.05,15.55,18.1,10.45,14.2,7.05,11.25,4.8,8.8,3.5,16160.2,16164.0,16157.35,16158.6,0
5,1657511400,106.1,19.17,121.15,87.4,96.4,71.4,74.9,57.45,56.55,46.2,41.75,37.2,30.45,29.55,21.5,23.4,15.0,18.3,10.1,14.35,6.8,11.4,4.75,8.9,3.5,16160.25,16161.7,16152.45,16152.5,0
6,1657511460,106.9,19.18,118.35,87.95,94.15,71.5,72.75,57.35,54.6,45.75,40.15,36.75,29.3,28.95,20.85,22.9,14.3,18.0,9.75,13.9,6.65,11.0,4.65,8.5,3.45,16153.25,16153.25,16147.1,16147.7,0
7,1657511520,109.6,19.19,114.6,90.2,90.75,73.15,70.15,58.8,52.5,47.05,38.65,37.55,28.0,29.75,19.65,23.45,13.75,18.4,9.3,14.15,6.3,11.2,4.5,8.7,3.35,16149.1,16149.5,16140.75,16142.85,0
8,1657511580,107.95,19.19,115.0,88.65,90.7,71.9,69.75,57.6,52.3,45.95,38.35,36.75,27.75,29.15,19.75,22.95,13.7,17.95,9.3,14.05,6.3,10.9,4.45,8.5,3.4,16143.3,16147.45,16141.95,16144.75,0
9,1657511640,109.4,19.19,111.75,89.8,88.35,73.0,67.9,58.55,50.6,46.6,37.05,37.35,26.75,29.35,19.0,23.1,13.1,18.0,8.95,14.0,6.05,10.95,4.3,8.45,3.3,16145.9,16148.15,16141.9,16142.0,0
10,1657511700,107.0,19.14,114.75,87.5,90.5,70.75,69.75,56.55,51.95,45.3,38.05,36.15,27.35,28.45,19.45,22.25,13.5,17.3,9.05,13.3,6.15,10.45,4.3,8.05,3.25,16142.5,16147.75,16134.55,16147.75,0
11,1657511760,108.8,19.15,112.6,89.2,89.15,72.05,68.5,57.65,51.15,46.0,37.4,36.6,26.95,28.75,19.15,22.55,13.3,17.5,9.0,13.4,6.2,10.45,4.45,8.0,3.35,16148.1,16153.75,16144.9,16145.45,0
12,1657511820,108.15,19.13,112.8,88.4,89.0,71.55,68.4,57.35,50.75,45.5,37.2,36.25,26.8,28.5,18.95,22.35,13.25,17.35,9.0,13.2,6.15,10.25,4.3,7.95,3.3,16145.15,16146.2,16142.7,16145.75,0
13,1657511880,108.6,19.13,111.3,89.0,88.0,72.0,67.65,57.65,50.4,45.9,36.85,36.35,26.55,28.5,18.75,22.35,12.95,17.4,8.85,13.25,6.0,10.35,4.3,8.0,3.3,16145.5,16150.25,16144.75,16145.35,0
14,1657511940,110.95,19.14,109.45,90.45,86.35,73.55,66.25,58.65,49.4,46.6,36.2,37.1,26.05,29.0,18.35,22.85,12.85,17.6,8.8,13.55,6.0,10.55,4.3,8.05,3.3,16145.8,16145.8,16136.9,16140.0,0
15,1657512000,110.65,19.14,108.45,90.35,85.4,73.45,65.2,58.55,48.35,46.6,35.1,37.0,25.2,29.0,17.55,22.7,12.25,17.55,8.35,13.5,5.75,10.45,4.1,8.05,3.15,16141.3,16143.35,16137.0,16138.4,0
16,1657512060,112.35,19.14,107.6,91.8,84.45,74.65,64.7,59.65,47.95,47.6,34.7,37.65,25.0,29.6,17.55,23.4,12.15,18.05,8.2,13.95,5.65,10.9,4.05,8.4,3.15,16138.0,16139.7,16135.05,16135.05,0
17,1657512120,114.55,19.12,103.25,93.6,80.85,75.85,61.5,60.8,45.2,48.3,32.6,38.45,23.45,30.05,16.3,23.55,11.25,18.1,7.55,14.0,5.25,10.8,3.8,8.35,2.9,16135.45,16135.45,16123.95,16125.2,0
18,1657512180,115.0,19.13,104.2,93.85,81.8,75.8,62.3,60.45,46.2,48.15,33.5,38.15,23.95,29.8,16.8,23.25,11.6,17.9,7.7,13.7,5.35,10.65,3.8,8.1,2.95,16125.1,16132.35,16122.0,16131.65,0
19,1657512240,114.95,19.12,103.6,93.75,81.3,75.75,61.95,60.25,45.9,47.75,33.3,37.6,23.9,29.35,16.85,22.8,11.75,17.6,7.9,13.4,5.45,10.35,3.85,7.9,3.0,16130.55,16130.55,16125.8,16127.85,0
20,1657512300,115.85,19.12,101.9,94.4,79.8,75.95,60.65,61.0,44.75,48.25,32.5,38.1,23.2,29.65,16.25,23.1,11.35,17.7,7.6,13.5,5.3,10.5,3.85,7.9,2.95,16127.7,16127.75,16119.35,16124.6,0
21,1657512360,110.6,19.12,106.35,89.95,83.6,72.6,63.6,57.6,47.15,45.5,34.4,35.8,24.65,27.85,17.45,21.6,12.05,16.7,8.1,12.65,5.6,9.8,4.05,7.55,3.1,16124.2,16137.1,16123.75,16136.75,0
22,1657512420,111.25,19.13,106.5,91.0,83.8,73.0,63.95,58.45,47.55,46.1,34.6,36.5,24.8,28.4,17.5,22.15,12.1,17.1,8.2,13.0,5.7,10.05,4.0,7.7,3.15,16137.1,16137.65,16131.1,16135.85,0
23,1657512480,117.1,19.14,101.8,95.65,79.8,77.2,60.95,61.4,45.0,48.9,32.7,38.4,23.6,29.9,16.6,23.25,11.6,17.85,7.8,13.6,5.4,10.6,3.9,7.95,3.05,16135.95,16135.95,16123.65,16123.85,0
24,1657512540,116.1,19.12,102.7,95.1,80.6,76.55,61.8,61.05,45.8,48.5,33.5,38.35,24.15,29.9,16.95,23.05,11.7,17.95,7.9,13.55,5.5,10.65,3.85,8.05,3.0,16123.1,16124.55,16115.5,16124.05,0
25,1657512600,111.1,19.11,106.7,90.65,83.7,73.05,64.15,58.2,47.7,45.85,34.85,36.6,25.05,28.1,17.65,22.15,12.2,16.95,8.15,12.95,5.65,10.05,4.05,7.65,3.05,16124.3,16135.4,16123.8,16135.4,0
26,1657512660,110.75,19.14,107.8,90.45,84.55,72.9,64.65,58.0,48.2,46.0,35.05,36.2,25.2,28.3,17.9,22.0,12.5,17.05,8.4,12.95,5.75,10.05,4.1,7.6,3.1,16134.9,16140.2,16133.65,16139.0,0
27,1657512720,109.2,19.1,109.3,88.9,86.15,71.6,66.0,56.95,49.05,45.0,35.9,35.5,25.95,27.55,18.3,21.45,12.8,16.5,8.6,12.55,5.95,9.7,4.25,7.35,3.2,16138.45,16147.65,16138.45,16145.15,0
28,1657512780,109.75,19.1,109.45,89.55,85.95,72.2,65.95,57.5,49.1,45.4,35.9,35.9,25.9,27.95,18.25,21.9,12.6,16.75,8.55,12.9,5.9,9.85,4.2,7.45,3.15,16145.1,16151.4,16141.95,16142.85,0
29,1657512840,105.45,19.05,113.9,85.8,89.75,69.05,69.2,55.25,51.65,43.85,37.65,34.65,27.2,26.95,19.15,21.0,13.25,16.25,8.9,12.35,6.15,9.6,4.25,7.3,3.2,16142.85,16159.4,16142.85,16155.0,0
30,1657512900,102.95,19.04,115.75,83.8,91.9,67.5,70.9,53.95,52.9,42.75,38.7,33.65,28.1,26.25,19.75,20.3,13.65,15.6,9.05,11.95,6.2,9.25,4.3,7.0,3.1,16153.9,16167.05,16153.9,16161.05,0
31,1657512960,104.2,19.06,114.3,84.75,90.05,68.3,69.15,54.25,51.55,42.95,37.8,33.8,27.35,26.25,19.05,20.45,13.15,15.65,8.8,12.05,6.05,9.35,4.15,7.0,3.1,16161.35,16161.35,16153.9,16156.85,0
32,1657513020,105.95,19.05,112.2,86.1,88.8,69.2,68.0,55.15,50.65,43.6,37.45,34.4,26.85,26.75,18.85,20.95,13.05,16.0,8.7,12.2,6.0,9.4,4.15,7.15,3.1,16157.35,16158.0,16151.75,16153.2,0
33,1657513080,106.65,19.06,112.2,86.95,88.65,69.95,68.2,55.7,50.9,43.95,37.3,34.7,26.95,27.1,19.0,21.05,13.2,16.1,8.9,12.15,6.2,9.4,4.3,7.2,3.15,16153.75,16154.6,16147.25,16152.75,0
34,1657513140,105.0,19.07,114.4,85.15,90.55,68.75,69.9,54.45,52.2,43.2,38.25,34.05,27.75,26.55,19.55,20.8,13.5,15.9,9.25,12.2,6.3,9.4,4.4,7.1,3.2,16151.15,16161.3,16150.95,16157.8,0
35,1657513200,104.65,19.08,114.8,85.35,90.95,68.85,70.2,54.5,52.5,43.4,38.55,34.0,27.95,26.55,19.65,20.75,13.55,15.85,9.2,12.1,6.3,9.35,4.35,7.1,3.2,16157.8,16159.5,16153.9,16156.65,0
36,1657513260,102.9,19.08,116.75,83.7,92.4,67.45,70.85,53.65,53.3,42.45,39.2,33.4,28.3,25.95,20.0,20.2,13.85,15.5,9.4,11.85,6.45,9.25,4.45,7.1,3.3,16156.25,16161.3,16152.65,16158.3,0
37,1657513320,104.0,19.08,115.2,84.7,91.05,68.15,70.25,54.35,52.65,42.9,38.6,33.8,27.85,26.25,19.6,20.3,13.55,15.6,9.1,11.9,6.3,9.15,4.4,7.05,3.2,16158.65,16160.2,16156.9,16157.35,0
38,1657513380,105.5,19.08,113.45,85.55,89.5,69.0,69.05,55.1,51.55,43.55,37.85,34.3,27.3,26.7,19.2,20.65,13.4,15.8,9.0,12.0,6.2,9.3,4.35,7.1,3.2,16157.6,16157.7,16149.4,16151.55,0
39,1657513440,107.0,19.06,110.55,87.35,86.65,70.1,66.65,55.95,49.5,44.2,36.25,34.65,26.1,26.95,18.35,20.95,12.8,16.0,8.65,12.25,6.0,9.45,4.2,7.15,3.2,16151.65,16152.65,16142.95,16146.1,0
40,1657513500,108.25,19.04,108.7,88.25,85.45,71.05,65.4,56.5,48.45,44.6,35.45,35.1,25.55,27.3,17.9,21.15,12.45,16.2,8.45,12.35,5.85,9.5,4.1,7.2,3.1,16145.8,16146.85,16141.1,16141.7,0
41,1657513560,105.85,19.02,112.3,86.0,88.5,69.0,67.8,55.05,50.45,43.35,36.95,34.0,26.65,26.6,18.8,20.55,13.1,15.75,8.8,12.0,6.1,9.3,4.25,7.0,3.15,16141.4,16151.65,16141.4,16150.9,0
42,1657513620,109.7,19.05,106.75,89.45,83.95,71.7,64.0,57.2,47.7,44.95,34.75,35.4,24.9,27.45,17.5,21.2,12.2,16.25,8.2,12.3,5.7,9.45,4.05,7.15,3.05,16150.55,16150.55,16135.95,16137.25,0
43,1657513680,107.45,19.04,109.1,87.35,85.95,70.1,65.85,55.65,48.8,43.7,35.65,34.35,25.7,26.7,18.05,20.65,12.55,15.8,8.5,12.15,5.95,9.35,4.15,7.15,3.1,16136.4,16144.1,16136.2,16143.5,0
44,1657513740,107.1,19.05,109.85,86.7,86.35,69.75,66.15,55.5,49.35,43.3,36.05,34.05,26.1,26.45,18.35,20.5,12.8,15.65,8.65,11.9,6.05,9.2,4.25,6.95,3.15,16143.45,16146.95,16143.0,16144.65,0
45,1657513800,107.4,19.03,109.0,87.0,85.9,70.1,65.75,55.3,49.05,43.75,36.0,34.05,25.9,26.6,18.25,20.45,12.8,15.65,8.6,11.8,6.05,9.2,4.2,6.9,3.2,16144.8,16146.55,16143.2,16144.4,0
46,1657513860,103.35,19.05,113.75,83.8,89.8,67.1,68.85,53.15,51.5,42.0,37.7,33.0,27.3,25.5,19.2,19.7,13.45,15.0,9.05,11.35,6.25,8.75,4.4,6.65,3.25,16144.55,16154.4,16143.95,16153.9,0
47,1657513920,103.65,19.03,113.65,84.3,89.75,67.7,68.9,53.5,51.6,42.05,37.7,33.1,27.3,25.75,19.35,19.8,13.5,15.15,9.15,11.55,6.3,8.95,4.45,6.75,3.25,16154.6,16159.1,16154.35,16156.6,0
48,1657513980,103.6,19.04,114.3,84.0,90.45,67.6,69.55,53.6,52.3,42.05,38.2,33.0,27.7,25.65,19.45,19.8,13.6,15.1,9.15,11.65,6.3,8.95,4.45,6.75,3.25,16156.2,16159.35,16154.75,16156.25,0
49,1657514040,103.6,19.02,114.75,84.25,90.8,67.65,70.0,53.4,52.35,42.25,38.35,33.05,27.65,25.8,19.45,19.85,13.55,15.25,9.05,11.65,6.25,9.0,4.4,6.8,3.2,16156.75,16159.95,16156.35,16156.9,0
50,1657514100,104.35,19.03,113.3,85.05,89.65,68.05,69.0,53.7,51.6,42.45,37.8,33.45,27.3,25.8,19.3,20.0,13.3,15.3,8.95,11.65,6.15,9.0,4.3,6.8,3.15,16156.3,16156.3,16151.6,16153.15,0
51,1657514160,103.55,19.03,114.35,84.05,90.5,67.75,69.45,53.35,52.15,41.95,38.3,33.15,27.65,25.6,19.4,19.9,13.55,15.1,9.1,11.6,6.25,8.9,4.3,6.8,3.15,16153.3,16157.3,16152.6,16155.65,0
52,1657514220,100.9,19.02,115.75,81.6,91.9,65.55,70.8,51.6,52.8,40.4,38.85,31.95,28.1,24.55,19.8,19.05,13.8,14.4,9.3,10.95,6.35,8.5,4.45,6.45,3.25,16155.65,16164.75,16155.4,16162.15,0
53,1657514280,101.2,19.03,114.25,81.7,90.5,65.75,69.6,51.8,52.25,40.6,38.15,31.9,27.65,24.7,19.55,18.85,13.65,14.4,9.2,11.0,6.35,8.4,4.45,6.4,3.25,16162.15,16163.3,16159.1,16160.9,0
54,1657514340,99.2,19.0,117.0,80.4,92.5,64.45,71.45,50.8,53.55,39.9,39.2,31.25,28.35,24.2,20.0,18.7,13.95,14.2,9.4,10.8,6.4,8.3,4.45,6.35,3.25,16160.15,16165.4,16157.8,16164.95,0
55,1657514400,100.75,19.02,116.5,81.35,92.25,65.3,71.25,51.4,53.65,40.35,39.4,31.65,28.5,24.5,20.15,18.9,14.0,14.45,9.45,11.1,6.55,8.45,4.55,6.45,3.25,16164.85,16165.7,16160.6,16164.65,0
56,1657514460,100.45,19.01,116.25,81.05,91.95,64.85,71.0,51.15,53.5,40.1,39.1,31.5,28.25,24.35,20.1,18.8,14.05,14.3,9.5,11.0,6.5,8.45,4.55,6.5,3.3,16164.85,16166.75,16163.75,16165.3,0
57,1657514520,96.2,18.97,120.7,77.8,96.05,62.0,74.6,48.7,56.35,38.0,41.7,29.65,30.3,22.85,21.6,17.6,15.2,13.35,10.4,10.25,7.1,7.75,4.9,6.0,3.55,16164.95,16171.25,16164.3,16171.05,0
58,1657514580,97.55,18.99,120.1,78.75,95.35,62.6,74.1,49.15,56.25,38.5,41.65,30.0,30.25,23.15,21.6,17.8,15.2,13.4,10.35,10.2,7.1,7.8,4.9,6.0,3.55,16172.0,16175.45,16170.05,16171.4,0
59,1657514640,99.6,18.99,118.0,80.5,93.75,64.35,73.0,50.6,55.4,39.7,40.8,30.95,29.85,23.85,21.2,18.25,14.9,13.8,10.2,10.45,6.95,8.05,4.9,6.05,3.45,16170.65,16172.05,16167.2,16167.5,0
60,1657514700,100.1,18.99,117.6,81.0,93.35,64.6,72.45,50.95,54.7,39.95,40.5,31.3,29.55,24.1,21.05,18.45,14.7,14.05,10.05,10.7,6.95,8.3,4.85,6.4,3.5,16167.1,16168.65,16163.55,16165.5,0
61,1657514760,97.2,19.0,121.75,78.1,97.05,62.25,75.4,49.0,57.1,38.45,42.3,29.95,30.8,23.1,21.75,17.85,15.3,13.55,10.4,10.4,7.1,8.0,4.9,6.2,3.55,16164.8,16172.1,16164.75,16172.0,0
62,1657514820,98.45,19.0,120.5,79.5,96.15,63.45,74.7,50.0,56.75,39.1,41.9,30.65,30.4,23.65,21.7,18.2,15.15,13.8,10.3,10.45,7.05,8.1,4.9,6.2,3.5,16172.45,16172.45,16169.65,16170.3,0
63,1657514880,100.45,19.02,117.5,81.25,93.4,65.0,72.4,51.15,54.7,39.95,40.45,31.25,29.45,24.05,20.8,18.45,14.6,14.1,9.9,10.65,6.85,8.3,4.8,6.25,3.45,16170.65,16170.65,16162.1,16162.25,0
64,1657514940,101.45,19.03,115.4,82.05,91.8,65.55,71.2,51.75,53.75,40.5,39.6,31.7,28.95,24.35,20.35,18.75,14.25,14.25,9.7,10.8,6.7,8.3,4.65,6.35,3.45,16162.3,16162.75,16158.1,16159.15,0
65,1657515000,100.6,19.02,116.2,81.3,92.25,64.85,71.45,51.0,53.95,39.9,39.5,31.25,28.75,24.1,20.25,18.4,14.1,14.0,9.55,10.65,6.55,8.25,4.55,6.3,3.35,16158.9,16158.9,16152.45,16157.95,0
66,1657515060,101.75,19.02,114.9,82.4,91.2,65.75,70.4,51.85,53.0,40.7,38.8,31.75,28.2,24.5,19.85,18.75,13.8,14.25,9.35,10.75,6.35,8.25,4.5,6.3,3.3,16157.7,16158.2,16155.8,16156.15,0
67,1657515120,102.5,19.0,113.9,82.9,90.45,66.0,69.7,52.15,52.5,40.8,38.6,31.95,28.0,24.5,19.7,18.9,13.75,14.35,9.35,10.85,6.4,8.35,4.45,6.3,3.3,16156.3,16157.3,16153.75,16154.7,0
68,1657515180,101.0,19.0,115.3,81.9,91.4,65.2,70.65,51.15,53.2,40.4,39.15,31.5,28.45,24.3,20.05,18.6,13.95,14.2,9.5,10.8,6.5,8.25,4.5,6.3,3.35,16154.6,16158.1,16154.5,16156.35,0
69,1657515240,99.35,18.97,117.4,80.1,93.1,63.85,72.0,50.25,54.3,39.3,39.95,30.75,28.95,23.75,20.45,18.25,14.1,13.8,9.6,10.4,6.55,7.95,4.55,6.1,3.3,16156.3,16160.5,16155.6,16159.75,0
70,1657515300,99.7,18.97,117.8,80.6,93.45,64.35,72.25,50.7,54.7,39.6,40.15,30.95,29.1,23.85,20.5,18.3,14.3,13.9,9.65,10.55,6.65,8.05,4.6,6.15,3.35,16160.15,16163.65,16159.35,16162.5,0
71,1657515360,98.6,18.95,118.75,79.6,94.5,63.5,73.05,50.0,55.35,38.95,40.6,30.5,29.35,23.6,20.7,18.1,14.4,13.85,9.75,10.4,6.7,8.05,4.6,6.1,3.35,16162.5,16165.25,16161.7,16164.1,0
72,1657515420,100.7,18.96,116.3,81.55,92.55,65.0,71.25,51.2,53.95,39.95,39.45,31.5,28.7,24.05,20.2,18.6,14.1,14.0,9.55,10.5,6.6,8.2,4.55,6.25,3.3,16164.5,16164.9,16159.05,16160.65,0
73,1657515480,102.0,18.94,114.95,82.45,91.1,65.85,70.35,51.95,53.05,40.55,38.95,31.75,28.25,24.4,20.05,18.85,13.95,14.25,9.45,10.75,6.55,8.3,4.55,6.3,3.3,16160.2,16160.45,16156.85,16158.75,0
74,1657515540,98.55,18.94,118.8,79.7,94.5,63.7,73.25,50.0,55.45,39.05,40.8,30.6,29.65,23.6,20.95,18.1,14.6,13.75,9.85,10.4,6.75,8.1,4.6,6.2,3.35,16159.0,16166.15,16158.55,16165.2,0
75,1657515600,101.2,18.95,116.0,81.9,92.25,65.45,71.25,51.45,53.85,40.5,39.65,31.7,28.8,24.4,20.35,18.75,14.15,14.2,9.6,10.75,6.65,8.25,4.55,6.2,3.35,16165.5,16165.5,16157.7,16160.1,0
76,1657515660,102.9,18.95,113.5,83.3,90.25,66.4,69.5,52.1,52.5,40.95,38.65,31.95,27.95,24.7,19.75,18.95,13.8,14.25,9.35,10.75,6.5,8.2,4.5,6.25,3.35,16160.9,16160.9,16155.45,16156.1,0
77,1657515720,103.2,18.95,112.65,83.35,89.5,66.35,68.95,52.25,52.0,40.9,38.05,31.95,27.55,24.65,19.5,18.9,13.6,14.25,9.2,10.75,6.35,8.3,4.5,6.25,3.3,16156.5,16158.0,16152.15,16153.5,0
78,1657515780,103.65,18.95,112.0,83.85,88.75,66.9,68.2,52.5,51.55,41.0,37.8,32.0,27.4,24.6,19.3,18.85,13.6,14.35,9.2,10.75,6.35,8.2,4.4,6.25,3.3,16153.25,16155.1,16153.15,16153.75,0
79,1657515840,103.95,18.95,111.05,84.0,87.9,66.95,67.7,52.6,50.95,41.1,37.5,31.95,27.2,24.75,19.25,18.95,13.45,14.3,9.2,10.7,6.35,8.25,4.45,6.3,3.3,16153.2,16154.6,16152.25,16152.25,0
80,1657515900,101.75,18.95,113.7,82.0,90.4,65.5,69.65,51.1,52.6,40.15,38.5,31.2,28.0,24.0,19.65,18.35,13.8,13.9,9.35,10.55,6.5,8.1,4.5,6.15,3.3,16152.45,16156.9,16150.2,16156.9,0
81,1657515960,102.3,18.95,113.0,82.55,89.45,66.0,69.25,51.8,52.0,40.3,38.3,31.4,27.85,24.1,19.75,18.55,13.75,14.05,9.35,10.45,6.5,8.05,4.55,6.2,3.35,16157.25,16158.25,16154.15,16155.5,0
82,1657516020,103.5,18.95,111.45,83.8,88.15,66.7,67.85,52.35,51.05,40.9,37.45,31.8,27.25,24.45,19.25,18.7,13.5,14.15,9.2,10.6,6.35,8.15,4.45,6.2,3.35,16155.1,16156.25,16153.3,16153.3,0
83,1657516080,104.15,18.95,110.3,84.35,87.2,67.2,67.1,52.85,50.35,41.2,37.05,32.2,27.0,24.7,19.05,18.85,13.45,14.2,9.15,10.7,6.35,8.2,4.45,6.3,3.3,16154.25,16154.85,16151.1,16151.3,0
84,1657516140,106.0,18.97,108.0,85.7,85.35,68.5,65.3,53.9,49.05,42.05,36.0,33.0,26.1,25.3,18.5,19.4,13.0,14.7,8.85,10.9,6.15,8.35,4.35,6.35,3.25,16151.45,16152.15,16146.55,16146.85,0
85,1657516200,105.9,18.96,107.45,85.5,84.7,68.1,64.95,53.7,48.85,41.8,35.85,32.7,25.9,25.1,18.3,19.2,12.85,14.55,8.8,10.9,6.15,8.3,4.3,6.35,3.2,16146.2,16146.2,16143.7,16145.4,0
86,1657516260,104.3,18.97,109.45,84.4,86.25,67.4,66.35,52.8,49.9,41.45,36.55,32.35,26.6,24.9,18.65,19.0,13.1,14.4,9.0,10.8,6.2,8.25,4.35,6.3,3.3,16145.7,16149.4,16145.3,16149.15,0
87,1657516320,106.75,18.96,106.7,86.4,84.0,69.05,64.5,54.2,48.3,42.35,35.4,33.1,25.6,25.45,17.95,19.5,12.55,14.65,8.6,11.05,5.95,8.4,4.2,6.35,3.2,16149.0,16150.5,16143.5,16144.0,0
88,1657516380,104.5,18.96,109.2,84.65,86.0,67.4,66.25,53.1,49.7,41.5,36.35,32.4,26.2,24.95,18.45,19.05,12.9,14.5,8.75,11.0,6.05,8.4,4.3,6.4,3.25,16144.1,16149.85,16143.8,16149.85,0
89,1657516440,103.0,18.96,111.15,83.2,87.45,66.35,67.25,52.3,50.5,40.7,37.0,32.0,26.7,24.5,18.75,18.85,13.15,14.25,8.95,10.75,6.15,8.35,4.35,6.35,3.3,16150.0,16152.0,16148.55,16152.0,0
90,1657516500,102.85,18.95,111.0,82.95,87.85,66.3,67.45,52.05,50.55,40.75,37.05,31.65,26.8,24.45,18.85,18.75,13.15,14.1,8.85,10.75,6.1,8.25,4.3,6.3,3.25,16152.25,16155.95,16150.45,16153.4,0
91,1657516560,103.35,18.95,111.0,83.55,87.8,66.55,67.3,52.4,50.5,40.85,37.0,32.0,26.7,24.6,18.7,18.85,12.95,14.25,8.8,10.75,6.0,8.25,4.25,6.35,3.25,16153.8,16154.15,16148.35,16151.8,0
92,1657516620,104.45,18.97,109.85,84.4,86.85,67.4,66.75,52.85,50.1,41.25,36.65,32.1,26.6,24.7,18.65,18.8,13.0,14.2,8.75,10.75,6.1,8.2,4.3,6.3,3.25,16151.75,16154.5,16150.85,16151.8,0
93,1657516680,105.0,18.96,109.5,84.95,86.35,67.95,66.35,53.5,49.95,41.85,36.55,32.75,26.45,25.15,18.6,19.25,12.95,14.7,8.85,11.1,6.05,8.55,4.3,6.5,3.25,16151.95,16151.95,16148.8,16150.3,0
94,1657516740,105.0,18.99,109.35,84.85,86.25,67.85,66.4,53.25,49.7,41.8,36.35,32.65,26.25,25.15,18.4,19.2,12.85,14.6,8.75,11.2,6.0,8.55,4.25,6.5,3.3,16150.1,16150.1,16146.65,16148.2,0
95,1657516800,105.85,18.98,107.7,85.25,84.8,68.7,64.95,53.85,48.75,42.1,35.65,32.9,25.7,25.25,18.0,19.2,12.65,14.7,8.55,11.05,5.95,8.5,4.25,6.5,3.25,16148.2,16149.8,16145.5,16147.4,0
96,1657516860,103.3,18.99,110.0,83.55,86.95,66.95,66.85,52.4,50.25,41.0,36.75,31.9,26.7,24.6,18.7,18.85,12.95,14.3,8.85,10.85,6.05,8.4,4.3,6.45,3.35,16147.35,16152.05,16147.05,16151.7,0
97,1657516920,102.5,18.96,111.5,82.75,87.95,66.2,67.65,51.9,50.9,40.55,37.35,31.55,27.1,24.25,19.0,18.6,13.25,14.15,9.0,10.75,6.25,8.25,4.45,6.35,3.4,16151.45,16157.05,16151.45,16155.45,0
98,1657516980,101.85,18.93,111.5,82.3,88.0,65.7,67.8,51.95,50.9,40.45,37.3,31.4,26.95,24.25,19.0,18.45,13.25,14.1,9.0,10.65,6.25,8.15,4.45,6.25,3.4,16155.4,16158.8,16154.75,16156.55,0
99,1657517040,100.45,18.93,113.35,81.15,89.4,64.6,68.8,50.75,51.6,39.55,37.8,30.75,27.3,23.75,19.1,18.2,13.35,13.65,9.05,10.5,6.25,8.0,4.45,6.05,3.35,16156.05,16161.6,16156.05,16161.1,0
100,1657517100,100.65,18.93,113.3,80.95,89.4,64.85,69.05,50.7,51.8,39.7,37.9,31.0,27.3,23.8,19.25,18.15,13.3,13.8,9.05,10.35,6.25,8.05,4.45,6.1,3.4,16161.4,16162.3,16159.05,16161.85,0
101,1657517160,100.95,18.93,113.2,81.55,89.5,65.05,69.3,51.1,51.95,39.9,37.9,30.9,27.35,23.75,19.3,18.2,13.4,13.7,9.05,10.35,6.3,8.0,4.4,6.15,3.4,16161.25,16163.7,16158.85,16162.25,0
102,1657517220,101.75,18.93,112.0,82.3,88.15,65.7,67.9,51.7,50.85,40.35,37.1,31.6,26.7,24.2,18.65,18.6,13.0,14.0,8.75,10.55,6.15,8.1,4.3,6.2,3.3,16162.1,16162.1,16157.95,16158.35,0
103,1657517280,102.45,18.93,110.2,82.9,86.85,66.25,66.7,52.1,49.95,40.5,36.45,31.65,26.2,24.3,18.4,18.5,12.75,14.0,8.65,10.55,5.95,8.05,4.3,6.15,3.3,16158.2,16159.0,16155.85,16156.15,0
104,1657517340,101.2,18.94,111.65,81.85,88.3,65.35,67.8,51.4,50.7,40.1,37.15,31.25,26.6,23.95,18.65,18.25,12.95,13.8,8.7,10.5,6.0,8.0,4.3,6.1,3.35,16155.45,16156.35,16153.05,16156.35,0
105,1657517400,102.9,18.94,109.45,83.0,86.15,66.45,66.1,52.0,49.45,40.6,36.05,31.5,25.9,24.25,18.05,18.6,12.6,14.05,8.55,10.55,5.95,8.1,4.25,6.2,3.3,16155.8,16157.05,16153.5,16154.65,0
106,1657517460,102.95,18.95,108.8,83.3,85.65,66.4,65.7,52.05,49.25,40.6,35.95,31.45,25.9,24.2,18.05,18.6,12.65,13.9,8.55,10.5,5.95,8.1,4.25,6.15,3.35,16154.15,16154.95,16151.4,16151.4,0
107,1657517520,102.5,18.94,109.2,83.1,86.1,66.3,65.9,51.85,49.3,40.5,36.1,31.4,25.95,24.0,18.1,18.45,12.7,13.9,8.6,10.5,6.05,8.1,4.3,6.15,3.3,16152.15,16152.3,16149.8,16152.2,0
108,1657517580,103.0,18.93,109.35,82.95,86.25,66.25,65.95,51.85,49.5,40.55,36.15,31.5,26.0,24.15,18.25,18.5,12.7,14.05,8.55,10.65,5.95,8.2,4.25,6.25,3.3,16152.05,16154.5,16150.05,16153.2,0
109,1657517640,103.15,18.93,108.85,83.15,85.9,66.35,65.9,51.9,49.25,40.45,36.0,31.55,25.9,24.2,18.0,18.6,12.55,14.05,8.45,10.6,5.9,8.2,4.3,6.25,3.35,16154.0,16154.0,16150.6,16152.25,0
110,1657517700,101.85,18.93,109.75,82.35,86.5,65.7,66.25,51.55,49.7,39.95,36.25,31.05,26.0,23.9,18.1,18.35,12.7,13.8,8.55,10.55,5.95,8.15,4.3,6.2,3.3,16152.9,16156.75,16152.8,16155.35,0
111,1657517760,103.5,18.95,108.35,83.45,85.5,66.6,65.5,52.15,49.1,40.6,35.85,31.65,25.7,24.25,17.95,18.5,12.5,14.0,8.45,10.55,5.95,8.15,4.25,6.35,3.35,16155.8,16156.1,16152.1,16152.9,0
112,1657517820,102.9,18.96,108.75,83.05,85.85,66.1,65.95,51.85,49.3,40.4,35.95,31.45,25.9,24.05,18.15,18.5,12.6,13.9,8.5,10.6,5.95,8.1,4.25,6.25,3.3,16152.6,16155.45,16151.6,16154.0,0
113,1657517880,103.6,18.95,107.9,83.6,85.25,66.6,65.45,52.25,48.85,40.7,35.75,31.65,25.65,24.25,17.9,18.7,12.55,14.1,8.45,10.65,5.95,8.15,4.25,6.3,3.3,16154.0,16156.15,16151.3,16152.25,0
114,1657517940,101.6,18.94,110.25,82.0,86.85,65.35,66.75,50.95,50.2,39.95,36.65,30.95,26.35,23.8,18.55,18.15,12.9,13.7,8.7,10.55,6.05,8.1,4.3,6.25,3.35,16152.55,16158.85,16152.55,16156.6,0
115,1657518000,101.35,18.95,110.0,81.8,86.8,65.0,66.6,51.1,49.8,39.75,36.5,30.9,26.25,23.85,18.4,18.15,12.8,13.75,8.6,10.4,5.95,8.0,4.25,6.2,3.3,16156.3,16156.45,16153.85,16156.4,0
116,1657518060,100.7,18.94,111.0,81.4,87.5,64.5,67.25,50.95,50.25,39.3,36.75,30.85,26.5,23.55,18.6,18.1,12.9,13.7,8.7,10.45,6.0,7.95,4.35,6.15,3.3,16155.9,16158.5,16155.2,16158.5,0
117,1657518120,99.45,18.94,112.6,80.1,88.8,63.95,68.05,50.1,51.0,39.05,37.35,30.35,26.85,23.3,18.8,17.8,13.15,13.55,8.85,10.3,6.05,7.9,4.35,6.1,3.35,16158.2,16162.4,16158.2,16161.2,0
118,1657518180,98.55,18.93,114.6,79.45,90.55,63.3,69.6,49.7,52.4,38.6,38.25,30.05,27.6,23.05,19.3,17.65,13.4,13.4,9.0,10.2,6.2,7.8,4.35,6.0,3.35,16161.65,16166.85,16161.15,16166.4,0
119,1657518240,100.0,18.93,112.25,80.7,88.5,64.3,68.0,50.45,51.0,39.45,37.05,30.7,26.8,23.5,18.8,18.0,13.05,13.6,8.8,10.35,6.05,7.9,4.35,6.0,3.35,16165.9,16166.6,16159.9,16160.35,0
120,1657518300,100.85,18.92,110.6,81.15,86.85,64.8,66.75,51.0,50.0,39.6,36.4,30.8,26.25,23.55,18.5,18.0,12.85,13.65,8.75,10.3,6.0,7.9,4.3,6.1,3.35,16160.25,16162.2,16159.0,16159.0,0
121,1657518360,101.4,18.94,110.05,81.8,86.7,65.1,66.8,51.3,50.0,39.8,36.75,31.0,26.25,23.75,18.6,18.0,12.9,13.65,8.8,10.4,6.05,8.0,4.3,6.1,3.3,16159.15,16159.15,16155.95,16158.0,0
122,1657518420,101.4,18.94,109.7,81.75,86.4,65.3,66.5,51.5,49.7,39.8,36.4,31.05,26.1,23.8,18.25,18.15,12.75,13.7,8.65,10.4,5.95,8.0,4.3,6.1,3.3,16158.0,16158.0,16155.6,16155.6,0
123,1657518480,101.2,18.94,109.7,81.7,86.55,64.95,66.6,51.1,49.6,39.75,36.4,30.9,26.2,23.65,18.45,18.05,12.85,13.6,8.65,10.35,6.0,7.9,4.3,6.05,3.3,16155.9,16157.5,16155.65,16156.8,0
124,1657518540,103.0,18.94,108.1,82.85,85.1,65.85,65.1,51.55,48.75,40.2,35.75,31.3,25.65,23.95,18.05,18.25,12.55,13.75,8.5,10.45,5.95,8.0,4.3,6.1,3.25,16157.35,16157.35,16150.95,16152.3,0
125,1657518600,102.5,18.94,108.75,82.5,85.55,65.6,65.6,51.55,49.0,40.0,35.95,31.1,25.9,23.8,18.25,18.1,12.7,13.8,8.65,10.45,5.95,7.95,4.25,6.1,3.3,16152.75,16154.05,16151.85,16153.95,0
126,1657518660,103.55,18.94,107.3,83.55,84.2,66.65,64.75,52.0,48.4,40.6,35.35,31.35,25.35,24.0,17.85,18.3,12.45,13.9,8.45,10.55,5.95,8.1,4.25,6.2,3.2,16154.25,16154.25,16150.25,16152.25,0
127,1657518720,104.1,18.95,106.5,84.0,83.75,66.95,64.0,52.35,48.0,40.85,35.0,31.7,25.2,24.25,17.8,18.45,12.45,14.0,8.5,10.55,5.85,8.1,4.25,6.2,3.25,16151.85,16154.15,16151.25,16151.25,0
128,1657518780,104.6,18.96,105.95,84.4,83.15,67.1,63.85,52.6,47.8,41.05,34.85,31.85,25.2,24.45,17.7,18.55,12.3,14.1,8.4,10.55,5.8,8.1,4.2,6.2,3.25,16151.75,16152.45,16148.55,16149.3,0
129,1657518840,105.55,18.95,105.2,85.2,82.5,68.1,63.2,53.45,47.1,41.6,34.3,32.35,24.85,24.9,17.35,18.95,12.15,14.35,8.3,10.85,5.75,8.25,4.15,6.35,3.2,16149.25,16149.45,16146.65,16147.6,0
130,1657518900,105.5,18.96,105.55,85.25,82.6,67.85,63.4,53.15,47.15,41.55,34.45,32.35,24.85,24.75,17.4,18.95,12.15,14.25,8.3,10.8,5.7,8.25,4.1,6.4,3.25,16147.6,16148.35,16145.95,16148.35,0
131,1657518960,104.0,18.97,106.95,83.95,83.85,66.85,64.5,52.3,48.2,40.85,35.1,31.65,25.3,24.35,17.8,18.6,12.3,14.05,8.4,10.55,5.75,8.15,4.15,6.25,3.2,16147.95,16149.1,16147.6,16148.45,0
132,1657519020,102.7,18.98,108.05,82.6,85.0,66.15,65.25,51.7,48.9,40.3,35.75,31.25,25.85,24.05,18.2,18.35,12.65,13.85,8.6,10.6,5.85,8.05,4.2,6.2,3.25,16148.6,16153.8,16148.6,16153.8,0
133,1657519080,103.35,18.97,107.8,83.25,84.9,66.4,65.05,52.0,48.65,40.35,35.65,31.3,25.6,24.0,18.05,18.25,12.45,13.85,8.5,10.4,5.9,8.0,4.2,6.1,3.25,16153.35,16154.8,16152.95,16154.5,0
134,1657519140,108.0,18.97,102.3,87.35,80.1,69.85,61.05,54.75,45.7,42.65,33.35,33.05,24.25,25.3,16.85,19.35,11.85,14.6,8.05,10.95,5.7,8.35,4.1,6.35,3.2,16154.4,16154.4,16144.05,16144.05,0
135,1657519200,107.25,18.98,103.65,86.2,81.35,69.0,62.25,54.0,46.5,42.25,34.1,32.9,24.6,25.1,17.2,19.2,12.0,14.5,8.15,10.95,5.75,8.35,4.15,6.35,3.2,16144.25,16145.35,16140.8,16144.7,0
136,1657519260,105.4,18.98,105.6,84.85,82.95,67.7,63.5,53.2,47.45,41.35,34.75,32.15,25.0,24.65,17.55,18.9,12.2,14.2,8.2,10.8,5.7,8.25,4.05,6.3,3.2,16144.35,16148.4,16142.8,16148.4,0
137,1657519320,103.5,18.97,107.2,83.3,84.0,66.5,64.5,52.1,48.2,40.65,35.2,31.75,25.35,24.3,17.75,18.85,12.4,14.05,8.4,10.7,5.85,8.15,4.1,6.3,3.25,16148.3,16153.25,16148.3,16151.9,0
138,1657519380,105.0,18.95,105.4,84.7,82.75,67.6,63.5,53.15,47.55,41.4,34.65,32.15,25.1,24.75,17.5,18.9,12.3,14.3,8.4,10.85,5.75,8.3,4.1,6.35,3.2,16152.0,16152.5,16145.2,16148.75,0
139,1657519440,102.0,18.94,107.85,82.25,84.8,65.6,64.95,51.45,48.6,40.15,35.5,31.3,25.55,24.0,17.8,18.35,12.4,13.9,8.4,10.6,5.75,8.05,4.05,6.15,3.2,16149.05,16154.9,16148.8,16154.1,0
140,1657519500,101.95,18.94,108.3,82.15,85.05,65.6,65.25,51.2,48.75,39.8,35.6,31.1,25.7,23.9,17.95,18.1,12.45,13.85,8.45,10.45,5.8,8.0,4.1,6.05,3.15,16155.1,16155.55,16152.95,16155.55,0
141,1657519560,101.75,18.93,107.8,82.0,84.75,65.15,64.85,50.95,48.6,39.75,35.4,30.7,25.6,23.55,17.9,17.95,12.5,13.65,8.5,10.25,5.9,7.9,4.1,6.0,3.2,16155.55,16159.85,16154.65,16158.85,0
142,1657519620,104.75,18.95,104.05,84.5,81.6,67.45,62.6,52.65,46.95,40.95,34.4,31.65,25.0,24.25,17.55,18.4,12.3,13.9,8.4,10.45,5.75,7.95,4.1,6.1,3.15,16158.55,16160.4,16147.65,16148.95,0
143,1657519680,106.1,18.96,103.15,85.55,81.0,68.35,62.2,53.2,46.3,41.45,33.95,32.05,24.6,24.55,17.4,18.5,12.05,14.0,8.25,10.55,5.7,8.0,4.1,6.1,3.2,16148.45,16150.45,16145.45,16145.8,0
144,1657519740,109.7,18.98,100.45,88.65,78.9,71.0,60.25,55.5,44.95,43.55,32.85,33.65,23.75,25.8,16.55,19.75,11.65,14.8,7.95,11.0,5.6,8.5,3.95,6.4,3.15,16145.7,16145.85,16135.9,16135.9,0
145,1657519800,110.3,18.98,100.15,89.35,78.25,71.45,59.65,56.05,44.35,43.75,32.4,33.7,23.35,25.95,16.4,19.7,11.55,14.9,7.9,11.2,5.5,8.55,3.9,6.45,3.1,16136.0,16137.85,16134.8,16136.15,0
146,1657519860,109.0,18.98,101.4,88.1,79.4,70.4,60.6,55.3,45.2,43.1,32.85,33.45,23.9,25.65,16.55,19.65,11.65,14.8,7.85,11.1,5.5,8.45,3.95,6.4,3.05,16135.7,16137.2,16134.85,16136.8,0
147,1657519920,111.55,18.99,99.3,90.55,77.65,72.4,59.45,57.0,44.5,44.25,32.6,34.55,23.75,26.55,16.6,20.2,11.65,15.2,7.9,11.35,5.45,8.6,3.9,6.55,3.05,16136.9,16137.65,16131.8,16132.45,0
148,1657519980,111.7,19.0,98.4,90.35,77.0,72.1,58.75,56.6,43.65,44.05,31.95,34.4,23.3,26.35,16.15,20.05,11.3,15.1,7.65,11.3,5.3,8.6,3.8,6.55,2.95,16133.2,16133.2,16128.3,16129.75,0
149,1657520040,110.2,18.99,99.05,89.5,77.55,71.45,59.05,56.3,44.1,43.85,32.25,33.95,23.4,26.1,16.35,19.8,11.4,14.9,7.65,11.2,5.35,8.55,3.75,6.45,3.0,16129.9,16134.35,16129.6,16133.9,0
150,1657520100,111.4,19.0,99.55,90.45,77.7,72.45,59.35,57.05,44.25,44.35,32.35,34.5,23.5,26.4,16.3,20.1,11.35,15.2,7.65,11.45,5.3,8.75,3.75,6.65,2.9,16134.7,16134.7,16130.2,16132.15,0
151,1657520160,111.75,19.0,98.45,90.55,76.6,72.35,58.4,57.0,43.3,44.35,31.75,34.6,22.75,26.45,15.8,20.3,11.0,15.3,7.45,11.6,5.1,8.8,3.65,6.75,2.9,16131.9,16131.9,16128.5,16128.9,0
152,1657520220,110.0,19.0,99.8,89.0,77.85,71.5,59.4,56.05,44.1,43.7,32.1,34.1,23.2,26.0,16.0,19.95,11.2,15.05,7.5,11.4,5.2,8.7,3.65,6.6,2.9,16128.95,16133.9,16128.85,16133.45,0
153,1657520280,106.5,18.95,101.8,86.45,79.7,68.75,60.7,53.85,45.25,42.1,33.0,32.6,23.8,25.0,16.55,19.15,11.55,14.45,7.8,10.85,5.3,8.35,3.75,6.35,2.95,16133.2,16140.15,16133.2,16140.15,0
154,1657520340,109.85,18.98,100.4,89.1,78.35,71.3,59.8,56.0,44.45,43.75,32.35,34.05,23.35,26.0,16.3,19.75,11.35,14.9,7.7,11.4,5.25,8.65,3.7,6.55,2.9,16140.25,16140.25,16134.95,16136.1,0
155,1657520400,111.3,18.97,98.85,89.95,77.1,72.05,58.75,56.65,43.8,44.15,31.95,34.35,22.95,26.2,16.0,20.1,11.1,15.2,7.45,11.4,5.2,8.65,3.6,6.55,2.85,16135.65,16138.3,16133.8,16135.1,0
156,1657520460,108.15,18.94,101.2,87.25,79.0,69.7,60.3,54.75,45.0,42.8,32.65,33.35,23.65,25.4,16.4,19.4,11.35,14.65,7.5,11.15,5.1,8.45,3.6,6.45,2.8,16134.45,16139.2,16134.4,16139.2,0
157,1657520520,110.5,18.97,99.5,89.1,77.8,71.4,59.2,55.95,44.05,43.65,32.05,33.95,23.05,25.9,16.05,19.85,11.05,14.85,7.5,11.25,5.05,8.6,3.6,6.5,2.75,16139.25,16139.25,16136.25,16136.25,0
158,1657520580,109.05,18.96,100.65,88.35,78.45,70.5,59.85,55.4,44.4,43.2,32.4,33.5,23.25,25.6,16.2,19.5,11.2,14.65,7.6,11.1,5.15,8.4,3.6,6.4,2.75,16136.9,16137.1,16135.55,16136.85,0
159,1657520640,108.5,18.94,100.8,87.6,78.8,69.75,60.05,54.8,44.6,42.65,32.55,33.05,23.35,25.35,16.25,19.25,11.3,14.45,7.55,10.9,5.2,8.3,3.65,6.35,2.8,16137.3,16141.1,16137.3,16139.9,0
160,1657520700,107.0,18.93,100.5,86.3,78.75,68.55,60.15,53.7,44.75,42.1,32.85,32.35,23.75,24.7,16.45,18.9,11.4,14.15,7.65,10.75,5.2,8.2,3.65,6.25,2.8,16139.65,16142.4,16139.35,16142.25,0
161,1657520760,108.7,18.94,100.9,87.95,78.9,70.1,60.45,55.0,44.75,42.85,32.7,33.25,23.6,25.45,16.35,19.5,11.4,14.6,7.65,11.15,5.25,8.55,3.75,6.45,2.85,16141.6,16141.8,16138.1,16140.35,0
162,1657520820,109.4,18.95,100.5,88.45,78.45,70.65,60.2,55.4,45.0,43.2,32.7,33.55,23.55,25.55,16.5,19.55,11.45,14.7,7.7,11.05,5.3,8.55,3.8,6.5,2.85,16140.4,16142.25,16138.3,16138.4,0
163,1657520880,107.85,18.92,101.45,87.1,79.1,69.45,60.55,54.45,45.05,42.35,33.0,32.75,23.8,25.15,16.6,19.15,11.45,14.4,7.7,10.95,5.25,8.35,3.8,6.4,2.85,16138.4,16141.3,16138.15,16141.3,0
164,1657520940,106.3,18.94,102.55,85.75,80.45,68.35,61.35,53.65,45.85,41.8,33.5,32.3,24.15,24.75,16.9,18.85,11.7,14.2,7.8,10.85,5.3,8.35,3.8,6.35,2.85,16141.3,16145.3,16140.9,16144.9,0
165,1657521000,104.25,18.93,103.5,83.9,80.9,66.7,61.95,52.25,46.15,40.7,33.8,31.45,24.25,23.95,16.9,18.35,11.75,13.85,7.95,10.45,5.4,8.05,3.8,6.25,2.9,16144.55,16149.2,16144.55,16148.8,0
166,1657521060,104.5,18.93,103.8,84.4,81.35,67.05,62.15,52.35,46.35,40.8,34.0,31.55,24.4,24.1,16.95,18.35,11.8,13.8,7.95,10.4,5.4,8.05,3.8,6.15,2.9,16148.55,16152.4,16147.1,16151.2,0
167,1657521120,104.7,18.92,103.5,84.45,81.3,67.15,62.0,52.4,46.35,40.85,33.85,31.6,24.4,24.1,17.0,18.35,11.7,13.75,8.0,10.45,5.4,8.0,3.8,6.15,2.9,16151.0,16152.7,16149.45,16150.1,0
168,1657521180,104.4,18.92,103.85,84.1,81.3,66.95,62.2,52.3,46.4,40.6,33.95,31.45,24.45,24.05,16.95,18.25,11.75,13.75,7.9,10.35,5.35,7.95,3.75,6.0,2.9,16150.85,16152.8,16150.45,16150.75,0
169,1657521240,104.3,18.91,104.0,84.2,81.45,66.7,62.3,52.05,46.45,40.5,33.85,31.3,24.35,23.9,17.05,18.1,11.75,13.5,7.95,10.25,5.35,7.7,3.8,5.9,2.85,16150.1,16154.55,16150.1,16150.85,0
170,1657521300,105.5,18.9,102.9,84.85,80.5,67.4,61.5,52.35,45.75,40.8,33.45,31.3,24.1,23.95,16.8,18.0,11.65,13.55,7.85,10.1,5.35,7.7,3.8,5.9,2.9,16151.05,16152.25,16148.15,16149.65,0
171,1657521360,103.8,18.91,104.95,83.35,82.1,66.35,62.95,51.45,46.9,40.1,34.25,30.95,24.65,23.65,17.2,17.85,11.8,13.5,7.95,10.15,5.35,7.7,3.75,5.85,2.9,16147.7,16152.95,16147.7,16152.4,0
172,1657521420,103.3,18.88,105.0,83.2,82.6,65.9,63.05,51.4,47.05,39.9,34.3,30.85,24.9,23.6,17.35,17.85,12.0,13.55,8.05,10.15,5.4,7.7,3.8,5.85,2.9,16153.0,16155.25,16152.3,16154.55,0
173,1657521480,103.95,18.87,104.5,83.75,81.85,66.6,62.7,51.8,46.8,40.45,34.15,31.2,24.65,23.85,17.25,18.1,11.95,13.6,8.0,10.3,5.4,7.85,3.8,6.0,2.85,16154.3,16154.75,16151.9,16152.4,0
174,1657521540,103.9,18.89,104.75,83.75,82.0,66.45,62.8,51.75,46.9,40.3,34.25,31.1,24.75,23.85,17.35,18.1,11.95,13.55,8.05,10.25,5.5,7.75,3.85,5.9,2.9,16153.4,16156.2,16152.65,16154.0,0
175,1657521600,104.25,18.89,103.7,83.9,81.2,66.65,62.05,51.75,46.35,40.45,33.8,31.2,24.45,23.7,16.95,18.0,11.75,13.45,7.9,10.2,5.35,7.75,3.8,5.9,2.9,16154.5,16154.5,16148.6,16152.35,0
176,1657521660,106.5,18.89,101.35,85.8,79.2,68.2,60.35,53.05,45.05,41.45,32.85,32.0,23.65,24.4,16.5,18.5,11.5,13.8,7.8,10.45,5.3,7.85,3.8,5.95,2.85,16152.45,16152.45,16147.05,16147.55,0
177,1657521720,106.55,18.9,101.9,85.75,79.2,68.1,60.65,52.85,45.1,41.2,33.1,31.9,23.95,24.25,16.6,18.3,11.55,13.75,7.8,10.35,5.3,7.9,3.8,5.95,2.85,16147.8,16149.65,16145.2,16147.0,0
178,1657521780,106.65,18.88,101.75,85.5,79.65,67.75,60.9,52.9,45.25,41.3,33.25,31.85,23.95,24.35,16.8,18.5,11.55,13.85,7.85,10.35,5.3,7.9,3.8,6.05,2.85,16146.3,16149.25,16146.2,16148.75,0
179,1657521840,106.3,18.87,102.0,85.4,79.6,67.65,60.75,52.65,45.2,41.15,33.1,31.7,23.75,24.2,16.5,18.4,11.5,13.85,7.8,10.45,5.35,7.85,3.8,6.05,2.85,16148.35,16149.1,16146.2,16146.75,0
180,1657521900,107.8,18.87,99.8,86.6,78.05,69.0,59.35,53.5,44.35,41.8,32.3,32.15,23.3,24.55,16.2,18.7,11.3,13.9,7.7,10.45,5.25,7.95,3.75,6.05,2.85,16146.85,16147.35,16144.45,16144.45,0
181,1657521960,106.55,18.88,101.85,85.9,79.65,68.2,60.45,53.1,45.1,41.55,32.8,32.2,23.8,24.45,16.5,18.6,11.55,13.95,7.75,10.5,5.25,7.95,3.75,6.1,2.85,16144.7,16145.85,16143.85,16145.05,0
182,1657522020,106.0,18.87,102.45,85.2,80.0,67.6,61.0,52.4,45.35,40.95,33.0,31.6,23.85,24.15,16.5,18.3,11.45,13.75,7.7,10.3,5.25,7.9,3.75,6.05,2.8,16145.4,16146.05,16144.3,16145.6,0
183,1657522080,105.65,18.87,103.0,84.8,80.45,67.45,61.2,52.5,45.5,40.95,33.1,31.6,23.9,24.15,16.65,18.25,11.5,13.75,7.7,10.3,5.3,7.85,3.75,6.0,2.8,16145.1,16149.5,16144.95,16147.9,0
184,1657522140,106.5,18.89,101.35,85.9,79.0,68.25,60.3,53.15,44.55,41.45,32.45,32.1,23.3,24.5,16.2,18.55,11.2,13.9,7.55,10.45,5.15,8.0,3.7,6.05,2.8,16148.0,16148.0,16141.15,16141.55,0
185,1657522200,107.7,18.89,100.25,86.65,78.2,69.1,59.4,53.95,44.1,42.0,32.1,32.35,23.15,24.65,16.1,18.75,11.1,14.1,7.45,10.5,5.1,8.0,3.65,6.05,2.75,16142.3,16144.0,16141.7,16142.7,0
186,1657522260,107.15,18.89,100.85,86.25,78.8,68.95,60.0,53.9,44.55,41.8,32.15,32.55,23.25,24.75,16.05,18.8,11.1,14.15,7.35,10.65,5.05,8.15,3.6,6.15,2.75,16142.65,16143.75,16142.0,16143.25,0
187,1657522320,108.6,18.91,99.0,87.5,77.05,69.7,58.45,54.45,43.6,42.35,31.65,32.85,22.7,24.95,15.75,18.9,10.9,14.1,7.3,10.65,5.05,8.0,3.65,6.1,2.75,16143.75,16143.75,16138.0,16138.3,0
188,1657522380,108.9,18.92,99.25,87.65,77.8,69.95,58.9,54.35,43.9,42.35,31.9,32.65,22.95,24.9,15.85,19.0,10.95,14.25,7.3,10.7,5.1,8.1,3.6,6.1,2.8,16137.95,16138.15,16135.7,16136.8,0
189,1657522440,109.15,18.94,98.65,88.3,76.7,70.25,58.2,54.8,43.3,42.6,31.55,32.9,22.55,25.1,15.6,19.2,10.75,14.3,7.3,10.8,5.0,8.15,3.65,6.2,2.75,16136.5,16137.05,16133.8,16134.75,0
190,1657522500,108.4,18.94,99.2,87.6,77.45,69.85,58.65,54.5,43.6,42.5,31.65,32.85,22.55,25.15,15.55,19.0,10.75,14.35,7.2,10.85,4.95,8.15,3.55,6.2,2.75,16134.4,16134.4,16131.4,16132.85,0
191,1657522560,107.8,18.92,99.8,86.7,77.55,69.2,59.0,54.25,43.7,42.25,31.6,32.75,22.5,25.0,15.6,19.0,10.75,14.2,7.2,10.8,4.9,8.1,3.6,6.2,2.75,16132.9,16133.45,16130.15,16131.3,0
192,1657522620,109.05,18.9,98.8,88.1,77.05,70.35,58.25,54.95,43.3,42.8,31.35,33.15,22.4,25.3,15.45,19.3,10.7,14.45,7.15,10.9,4.95,8.25,3.55,6.25,2.75,16131.25,16132.25,16129.9,16131.0,0
193,1657522680,110.15,18.91,97.75,88.75,76.15,71.0,57.45,55.5,42.5,43.25,30.75,33.7,22.0,25.7,15.15,19.65,10.5,14.7,7.05,11.1,4.95,8.4,3.55,6.35,2.75,16130.95,16131.1,16126.2,16127.05,0
194,1657522740,112.0,18.93,96.35,90.7,74.8,72.45,56.55,56.65,41.95,44.2,30.25,34.35,21.5,26.35,14.9,20.0,10.25,15.1,6.9,11.3,4.85,8.55,3.55,6.4,2.7,16128.7,16128.7,16123.3,16123.3,0
195,1657522800,112.65,18.91,95.95,91.35,74.55,73.15,56.3,57.3,41.6,44.8,30.05,34.6,21.35,26.6,14.7,20.2,10.1,15.25,6.85,11.5,4.8,8.6,3.5,6.5,2.75,16123.6,16125.0,16119.5,16119.5,0
196,1657522860,111.55,18.9,97.65,90.25,75.85,72.15,57.25,56.65,42.35,44.2,30.5,34.35,21.7,26.25,15.05,20.0,10.35,15.2,6.95,11.4,4.9,8.6,3.55,6.5,2.75,16119.0,16122.1,16117.2,16121.05,0
197,1657522920,111.25,18.92,97.75,90.0,75.85,71.9,57.7,56.25,42.7,43.95,30.8,34.1,22.0,26.2,15.1,19.9,10.4,15.0,6.95,11.3,4.85,8.55,3.5,6.45,2.75,16121.35,16126.75,16121.35,16122.55,0
198,1657522980,111.5,18.93,97.6,90.1,75.7,72.2,57.3,56.55,42.45,44.05,30.7,34.2,21.85,26.25,15.1,20.0,10.4,15.05,6.9,11.4,4.85,8.6,3.5,6.5,2.75,16122.8,16126.85,16121.55,16122.5,0
199,1657523040,107.85,18.9,99.35,87.1,77.15,69.65,58.9,54.2,43.25,42.4,31.4,33.0,22.3,25.2,15.4,19.25,10.55,14.55,7.0,11.05,4.9,8.3,3.55,6.3,2.75,16122.8,16130.95,16122.15,16127.7,0
200,1657523100,103.35,18.88,102.85,83.1,80.05,65.8,60.6,51.4,44.85,40.15,32.35,30.95,23.05,23.75,15.8,18.05,10.9,13.65,7.15,10.4,4.9,7.95,3.5,6.05,2.7,16128.3,16135.35,16127.25,16135.35,0
201,1657523160,103.35,18.86,102.55,83.55,79.7,66.2,60.5,51.75,44.85,40.15,32.55,31.15,23.2,23.7,16.0,17.9,11.0,13.5,7.3,10.2,5.0,7.75,3.6,5.95,2.75,16136.55,16139.9,16136.15,16139.15,0
202,1657523220,105.45,18.88,100.2,84.8,77.9,67.25,59.15,52.1,43.9,40.6,31.6,31.0,22.75,23.6,15.7,17.7,10.85,13.4,7.25,10.1,5.0,7.65,3.55,5.85,2.75,16139.4,16139.85,16133.3,16134.05,0
203,1657523280,103.0,18.87,102.95,82.6,80.35,65.3,61.05,50.8,45.15,39.3,32.7,30.35,23.35,22.9,16.15,17.5,11.1,13.1,7.4,9.9,5.0,7.55,3.6,5.7,2.75,16133.8,16138.4,16133.45,16138.0,0
204,1657523340,103.65,18.87,103.0,83.3,80.05,66.0,60.9,51.25,45.2,39.75,32.75,30.6,23.45,23.15,16.3,17.55,11.25,13.15,7.5,9.9,5.15,7.5,3.6,5.75,2.8,16138.6,16140.3,16138.55,16139.95,0
205,1657523400,102.55,18.85,103.25,82.25,80.75,65.3,61.3,50.8,45.55,39.4,33.0,30.45,23.6,23.05,16.4,17.5,11.3,13.1,7.65,9.95,5.2,7.5,3.65,5.75,2.8,16140.55,16143.15,16139.95,16142.6,0
206,1657523460,104.1,18.84,102.0,83.6,79.7,66.45,60.4,51.6,44.8,40.1,32.55,30.8,23.3,23.4,16.25,17.75,11.3,13.25,7.55,10.05,5.15,7.55,3.7,5.8,2.8,16142.6,16143.25,16140.55,16141.9,0
207,1657523520,102.1,18.85,103.8,82.0,81.0,65.05,61.55,50.6,45.65,39.2,33.15,30.3,23.7,22.95,16.4,17.4,11.3,13.15,7.6,9.9,5.2,7.5,3.7,5.75,2.85,16142.0,16143.5,16137.8,16143.5,0
208,1657523580,104.15,18.85,101.8,83.35,79.4,66.5,60.1,51.65,44.4,40.0,32.2,30.6,23.05,23.3,16.0,17.7,11.1,13.25,7.45,10.0,5.1,7.65,3.65,5.8,2.85,16143.35,16144.8,16139.0,16139.65,0
209,1657523640,106.0,18.87,99.3,85.35,77.4,67.65,58.65,52.3,43.2,40.75,31.3,31.15,22.3,23.75,15.55,18.0,10.8,13.5,7.3,10.15,5.05,7.75,3.65,5.9,2.8,16140.25,16140.75,16136.15,16136.85,0
210,1657523700,104.9,18.85,100.3,84.4,78.0,66.75,59.25,52.15,43.75,40.15,31.7,31.0,22.75,23.6,15.7,17.9,10.9,13.4,7.25,10.1,5.05,7.7,3.65,5.85,2.85,16137.15,16138.75,16134.25,16138.25,0
211,1657523760,105.0,18.84,101.3,84.4,78.7,66.85,59.75,52.0,44.25,40.15,32.05,30.95,23.05,23.4,15.95,17.7,10.95,13.3,7.35,10.0,5.05,7.65,3.6,5.85,2.85,16138.2,16139.55,16137.55,16139.15,0
212,1657523820,105.4,18.84,100.2,84.5,78.1,67.0,59.15,52.15,43.65,40.2,31.75,30.85,22.65,23.5,15.7,17.75,10.8,13.25,7.35,10.05,5.05,7.55,3.6,5.75,2.85,16138.6,16140.6,16138.3,16139.45,0
213,1657523880,104.0,18.83,101.6,83.1,79.2,66.05,60.0,51.35,44.4,39.6,32.15,30.5,23.0,23.1,15.95,17.5,10.95,13.1,7.35,10.0,5.05,7.5,3.65,5.75,2.85,16139.4,16142.15,16137.1,16140.8,0
214,1657523940,102.05,18.79,104.25,81.6,81.25,64.8,61.6,50.35,45.45,39.0,33.15,29.9,23.65,22.6,16.25,17.15,11.2,12.9,7.45,9.75,5.1,7.45,3.6,5.6,2.8,16140.6,16145.0,16140.6,16144.55,0
215,1657524000,100.35,18.8,104.8,80.7,81.85,63.6,62.0,49.6,45.95,38.4,33.15,29.6,23.75,22.3,16.4,16.9,11.25,12.65,7.4,9.55,5.0,7.3,3.6,5.55,2.75,16144.55,16150.45,16143.5,16147.2,0
216,1657524060,101.3,18.79,104.2,81.3,81.55,64.25,61.9,50.1,45.9,38.5,33.35,29.6,23.85,22.45,16.25,16.95,11.2,12.7,7.35,9.55,5.0,7.3,3.6,5.55,2.75,16147.5,16148.0,16143.5,16147.1,0
217,1657524120,101.6,18.8,103.9,81.55,81.25,64.55,61.65,50.0,45.85,38.65,33.2,29.7,23.85,22.45,16.4,17.0,11.3,12.65,7.55,9.55,5.05,7.25,3.6,5.6,2.8,16146.95,16147.1,16145.0,16147.1,0
218,1657524180,103.55,18.81,102.1,82.55,79.65,65.25,60.5,50.6,44.85,39.0,32.6,29.95,23.3,22.75,16.15,17.1,11.2,12.8,7.5,9.55,5.1,7.25,3.65,5.55,2.8,16147.3,16148.0,16144.6,16144.7,0
219,1657524240,102.55,18.79,103.65,82.0,80.85,64.7,61.5,50.3,45.75,39.05,33.35,29.9,23.85,22.75,16.5,17.2,11.35,12.85,7.55,9.6,5.15,7.25,3.65,5.55,2.8,16144.4,16147.25,16144.4,16146.75,0
220,1657524300,101.65,18.8,104.15,81.25,81.45,64.05,61.85,49.6,45.95,38.35,33.45,29.55,23.9,22.35,16.6,16.9,11.4,12.6,7.65,9.45,5.15,7.15,3.65,5.5,2.8,16146.5,16148.2,16145.35,16148.2,0
221,1657524360,102.8,18.78,102.95,82.2,80.4,64.75,61.35,50.15,45.55,38.85,33.1,29.75,23.75,22.65,16.35,17.1,11.35,12.8,7.6,9.5,5.15,7.25,3.65,5.5,2.8,16147.75,16148.5,16146.8,16148.25,0
222,1657524420,101.5,18.81,104.4,81.05,81.5,64.05,62.15,49.4,46.15,38.45,33.55,29.45,24.0,22.35,16.6,16.9,11.4,12.6,7.65,9.5,5.2,7.2,3.65,5.5,2.75,16147.3,16150.45,16147.3,16150.3,0
223,1657524480,100.45,18.82,105.1,80.3,82.25,63.4,62.9,49.0,46.6,37.9,34.05,29.1,24.45,22.0,16.9,16.6,11.75,12.4,7.85,9.35,5.3,7.15,3.75,5.5,2.85,16150.65,16156.5,16150.5,16154.5,0
224,1657524540,99.6,18.82,106.35,79.6,83.5,62.8,63.65,48.65,47.35,37.55,34.6,29.0,24.8,21.85,17.25,16.55,11.8,12.4,7.9,9.4,5.3,7.15,3.8,5.55,2.85,16154.25,16156.9,16153.65,16156.65,0
225,1657524600,100.05,18.81,105.1,79.65,82.65,62.95,63.0,48.75,46.9,37.75,34.2,28.9,24.5,21.85,16.95,16.5,11.8,12.35,7.85,9.3,5.3,7.15,3.8,5.45,2.85,16156.45,16159.9,16156.45,16157.25,0
226,1657524660,101.65,18.82,104.05,81.25,81.4,64.35,62.05,49.9,46.05,38.6,33.55,29.6,24.1,22.35,16.6,16.85,11.55,12.7,7.7,9.5,5.3,7.25,3.8,5.55,2.8,16156.3,16156.7,16150.2,16153.2,0
227,1657524720,98.1,18.8,108.0,78.25,84.8,61.75,64.7,48.0,48.2,37.0,35.25,28.4,25.3,21.55,17.45,16.35,12.05,12.15,8.05,9.2,5.45,7.05,3.85,5.45,2.9,16152.8,16160.3,16152.45,16160.3,0
228,1657524780,95.75,18.78,110.0,76.4,86.6,60.25,66.2,46.45,49.45,36.0,36.1,27.55,25.9,20.85,17.95,15.8,12.4,11.75,8.3,8.95,5.6,6.85,3.9,5.3,3.0,16160.25,16166.4,16159.75,16165.85,0
229,1657524840,96.0,18.77,110.7,76.6,87.1,60.5,66.5,46.7,49.8,36.0,36.3,27.65,26.05,20.9,18.1,15.75,12.5,11.8,8.3,8.9,5.7,6.85,3.95,5.25,2.95,16166.35,16167.1,16164.45,16165.6,0
230,1657524900,95.15,18.78,110.25,75.6,86.7,59.55,66.15,46.2,49.55,35.7,36.25,27.35,25.85,20.65,18.0,15.55,12.45,11.6,8.3,8.7,5.65,6.7,4.0,5.15,3.0,16165.65,16167.4,16163.7,16164.85,0
231,1657524960,97.2,18.81,109.2,77.2,86.0,60.9,65.95,47.0,49.1,36.45,36.1,27.85,25.8,21.15,18.0,15.95,12.4,11.9,8.3,8.95,5.6,6.8,4.0,5.25,3.0,16165.0,16166.55,16162.4,16162.85,0
232,1657525020,95.85,18.79,111.0,76.4,87.65,60.4,66.95,46.65,50.05,36.2,36.7,27.55,26.25,20.8,18.25,15.75,12.65,11.8,8.4,8.85,5.75,6.75,4.0,5.2,3.05,16163.0,16165.85,16163.0,16164.9,0
233,1657525080,96.0,18.8,110.25,76.65,86.7,60.15,66.5,46.4,49.65,35.9,36.4,27.4,26.1,20.7,18.25,15.6,12.55,11.65,8.5,8.7,5.8,6.7,4.05,5.2,3.05,16165.5,16167.05,16164.6,16164.75,0
234,1657525140,97.4,18.8,108.85,77.45,85.5,61.05,65.35,47.05,49.05,36.45,35.9,27.75,25.7,21.0,17.9,15.8,12.35,11.75,8.4,8.85,5.75,6.85,4.0,5.25,3.0,16164.65,16165.1,16162.45,16163.15,0
235,1657525200,97.7,18.82,109.05,78.0,85.7,61.5,65.55,47.4,49.1,36.7,36.1,28.05,25.75,21.15,17.95,15.9,12.45,11.9,8.35,8.9,5.7,6.8,3.95,5.3,2.95,16162.75,16163.85,16159.65,16162.25,0
236,1657525260,93.9,18.79,113.35,74.8,89.5,58.95,68.85,45.4,51.75,35.0,38.2,26.65,27.55,20.05,19.3,15.0,13.4,11.25,9.05,8.45,6.1,6.5,4.2,5.1,3.15,16162.5,16172.25,16162.1,16170.15,0
237,1657525320,95.7,18.78,111.0,76.45,87.65,60.0,67.3,46.35,50.5,35.7,37.1,27.3,26.65,20.55,18.55,15.4,12.9,11.55,8.65,8.6,6.0,6.65,4.15,5.15,3.1,16169.65,16171.55,16167.05,16167.05,0
238,1657525380,95.0,18.78,112.1,75.7,88.1,59.45,67.85,45.9,50.95,35.5,37.45,27.05,27.0,20.5,18.85,15.5,12.95,11.6,8.7,8.8,5.9,6.75,4.1,5.35,3.0,16166.85,16168.9,16165.85,16168.55,0
239,1657525440,93.9,18.77,112.75,74.85,88.6,58.85,68.35,45.25,51.2,34.95,37.6,26.75,27.0,20.1,18.9,15.1,13.0,11.3,8.7,8.5,5.85,6.6,4.1,5.2,3.0,16168.6,16170.25,16167.85,16169.75,0
240,1657525500,95.2,18.79,111.2,75.85,87.8,59.85,67.4,46.15,50.2,35.55,37.0,27.15,26.55,20.35,18.45,15.3,12.75,11.4,8.5,8.55,5.75,6.7,4.0,5.3,2.95,16169.85,16170.9,16168.45,16169.5,0
241,1657525560,90.8,18.75,115.35,72.35,90.95,56.9,70.1,43.75,52.8,33.8,38.75,25.9,27.85,19.5,19.35,14.6,13.4,11.05,8.9,8.35,6.0,6.6,4.05,5.25,3.0,16167.6,16172.6,16167.6,16172.6,0
242,1657525620,87.85,18.75,119.15,69.95,94.7,54.8,73.2,42.25,55.15,32.5,40.7,24.8,29.25,18.7,20.4,14.15,14.1,10.6,9.4,8.05,6.3,6.3,4.3,5.05,3.15,16173.45,16181.6,16173.45,16180.6,0
243,1657525680,89.0,18.74,119.75,70.65,95.2,55.5,73.6,42.75,55.65,32.9,41.0,25.1,29.55,19.05,20.65,14.3,14.3,10.75,9.65,8.1,6.5,6.4,4.45,5.05,3.15,16180.85,16185.6,16180.8,16182.45,0
244,1657525740,91.95,18.73,114.15,73.0,90.1,57.25,69.5,44.15,52.3,34.0,38.6,25.9,27.8,19.6,19.5,14.7,13.4,11.0,9.0,8.3,6.15,6.45,4.25,5.05,3.15,16182.25,16182.25,16172.05,16173.0,0
245,1657525800,93.8,18.74,111.8,74.7,88.1,58.75,67.75,45.3,50.95,34.9,37.35,26.5,26.75,20.0,18.6,14.95,12.8,11.2,8.55,8.4,5.85,6.5,4.1,5.1,3.05,16173.85,16174.9,16170.35,16170.85,0
246,1657525860,92.9,18.72,113.35,74.15,89.7,58.15,68.65,45.0,51.4,34.7,37.7,26.45,27.15,20.0,18.85,15.05,13.0,11.25,8.55,8.55,5.8,6.55,4.0,5.15,3.0,16170.9,16173.1,16168.85,16172.0,0
247,1657525920,94.8,18.73,110.1,75.35,86.6,59.3,66.5,45.6,49.55,35.1,35.85,26.8,25.9,20.25,17.95,15.15,12.35,11.35,8.1,8.55,5.55,6.6,3.9,5.15,2.9,16171.3,16172.85,16168.95,16168.95,0
248,1657525980,96.55,18.73,109.9,76.85,86.5,60.7,66.3,46.7,49.45,36.0,36.1,27.45,25.9,20.75,17.95,15.6,12.35,11.7,8.1,8.75,5.45,6.7,3.8,5.25,2.9,16168.95,16169.6,16163.25,16166.3,0
249,1657526040,97.15,18.73,108.0,77.45,84.55,61.05,64.8,47.0,48.1,36.3,35.0,27.65,25.05,20.85,17.3,15.7,11.8,11.75,7.9,8.8,5.35,6.75,3.75,5.25,2.85,16165.85,16167.8,16165.05,16165.55,0
250,1657526100,96.9,18.76,110.0,77.15,86.7,60.9,66.1,46.85,49.5,36.3,36.0,27.6,26.0,20.95,18.0,15.75,12.35,11.8,8.1,8.8,5.45,6.75,3.75,5.25,2.85,16165.2,16167.45,16162.15,16167.05,0
251,1657526160,95.0,18.74,111.35,75.5,87.6,59.35,67.2,45.6,49.9,35.15,36.6,26.85,26.2,20.3,18.2,15.35,12.5,11.45,8.3,8.55,5.55,6.65,3.9,5.2,2.9,16167.2,16170.95,16167.2,16170.0,0
252,1657526220,97.45,18.77,109.8,77.7,86.25,61.25,65.9,47.3,49.0,36.6,35.9,28.05,25.75,21.2,17.95,16.0,12.35,12.0,8.2,8.9,5.55,6.85,3.9,5.3,2.9,16170.6,16170.85,16166.35,16168.05,0
253,1657526280,96.75,18.76,110.05,77.05,86.35,60.8,66.1,46.9,49.25,36.4,36.05,27.6,25.9,21.0,17.95,15.8,12.3,11.8,8.25,8.8,5.55,6.7,3.9,5.3,2.85,16167.1,16171.1,16167.1,16170.15,0
254,1657526340,97.85,18.75,107.55,78.1,84.4,61.45,64.2,47.5,47.9,36.6,35.05,27.9,25.15,21.15,17.35,15.8,12.05,11.85,8.05,8.8,5.45,6.7,3.9,5.3,2.9,16170.6,16170.6,16165.25,16165.25,0
255,1657526400,96.6,18.75,108.9,76.9,85.35,60.35,65.5,46.75,48.75,36.0,35.55,27.35,25.65,20.7,17.7,15.5,12.2,11.6,8.05,8.65,5.4,6.65,3.85,5.2,2.9,16165.35,16166.65,16160.6,16165.8,0
256,1657526460,94.15,18.73,112.1,75.0,88.3,58.8,67.65,45.4,50.15,35.0,36.75,26.8,26.3,20.15,18.25,15.25,12.5,11.35,8.25,8.6,5.55,6.6,3.85,5.15,2.9,16165.75,16174.3,16165.75,16173.8,0
257,1657526520,93.95,18.72,112.6,74.8,89.0,58.75,68.1,45.1,50.6,34.8,37.2,26.8,26.7,20.0,18.45,15.2,12.7,11.35,8.4,8.5,5.6,6.55,3.95,5.15,2.9,16173.7,16176.1,16172.9,16174.8,0
258,1657526580,95.9,18.74,109.9,76.15,86.55,60.2,66.2,46.3,49.15,35.6,35.95,27.0,25.7,20.4,17.9,15.35,12.3,11.45,8.15,8.45,5.55,6.5,3.9,5.1,2.9,16174.8,16175.55,16169.0,16169.45,0
259,1657526640,95.65,18.73,109.0,76.1,85.4,60.0,65.8,46.15,48.6,35.55,35.55,27.1,25.55,20.4,17.55,15.3,12.2,11.35,8.05,8.45,5.45,6.5,3.8,5.15,2.9,16169.2,16169.9,16165.5,16167.55,0
260,1657526700,93.0,18.71,112.95,74.0,88.75,58.1,68.1,44.4,50.8,34.4,37.1,26.3,26.5,19.8,18.3,14.95,12.65,11.1,8.25,8.3,5.55,6.35,3.85,5.0,2.9,16167.85,16176.8,16167.05,16176.3,0
261,1657526760,94.5,18.72,112.0,75.1,88.3,59.15,67.6,45.65,50.5,35.15,36.95,26.7,26.6,20.1,18.4,15.2,12.7,11.4,8.35,8.5,5.6,6.45,3.9,5.05,2.95,16175.45,16177.45,16173.7,16174.1,0
262,1657526820,92.65,18.71,114.0,73.6,90.2,57.85,69.05,44.75,51.75,34.4,38.0,26.1,27.25,19.85,18.85,14.95,13.0,11.25,8.6,8.35,5.75,6.45,4.05,5.05,3.0,16173.1,16180.1,16173.05,16178.55,0
263,1657526880,91.75,18.71,116.35,72.8,91.95,57.1,70.55,44.0,52.8,33.9,38.7,26.0,27.8,19.7,19.3,14.8,13.3,11.2,8.9,8.4,6.0,6.5,4.15,5.05,3.05,16178.8,16182.65,16177.6,16180.45,0
264,1657526940,90.4,18.7,118.2,71.85,93.55,56.5,72.2,43.4,54.0,33.5,39.75,25.55,28.5,19.4,19.85,14.6,13.7,11.05,9.15,8.25,6.05,6.4,4.15,5.05,3.05,16180.6,16182.1,16177.8,16182.1,0
265,1657527000,87.7,18.69,120.6,69.7,95.65,54.8,73.7,42.05,55.3,32.45,40.55,24.75,29.3,18.7,20.4,14.05,14.0,10.7,9.25,8.0,6.25,6.25,4.25,4.95,3.15,16182.75,16188.1,16181.35,16187.7,0
266,1657527060,88.45,18.68,119.5,70.4,94.6,55.0,72.8,42.3,54.45,32.45,39.8,24.8,28.55,18.75,19.75,14.1,13.65,10.7,9.0,8.05,6.0,6.2,4.1,4.95,3.05,16188.1,16189.5,16185.4,16187.2,0
267,1657527120,86.7,18.68,120.85,68.6,96.0,54.0,73.85,41.4,55.3,31.85,40.75,24.3,29.25,18.45,20.4,13.9,14.0,10.55,9.2,7.95,6.15,6.15,4.15,4.9,3.1,16187.2,16188.7,16185.45,16188.7,0
268,1657527180,83.9,18.64,124.25,66.25,98.8,51.9,76.5,39.7,57.8,30.5,42.5,23.15,30.6,17.6,21.25,13.15,14.7,10.05,9.65,7.6,6.5,6.05,4.5,4.8,3.3,16188.25,16195.95,16188.25,16194.3,0
269,1657527240,85.35,18.67,123.35,67.65,98.15,53.0,76.0,40.65,57.4,31.35,42.2,23.8,30.2,18.0,21.15,13.5,14.5,10.3,9.6,7.8,6.45,6.1,4.45,4.85,3.2,16194.55,16197.25,16191.35,16191.35,0
270,1657527300,86.4,18.66,121.95,68.85,97.1,53.85,75.0,41.3,56.65,31.95,41.7,24.1,30.0,18.3,21.0,13.65,14.5,10.45,9.65,7.8,6.55,6.1,4.5,4.85,3.3,16191.5,16196.1,16190.3,16190.3,0
271,1657527360,86.2,18.65,122.1,68.3,97.1,53.4,75.3,40.75,57.0,31.4,42.0,23.85,30.25,18.1,21.15,13.45,14.55,10.2,9.7,7.7,6.6,6.0,4.5,4.75,3.25,16189.3,16192.3,16189.3,16190.0,0
272,1657527420,85.5,18.64,123.5,67.75,98.2,52.9,76.1,40.5,57.4,31.25,42.3,23.7,30.5,17.85,21.3,13.4,14.7,10.25,9.85,7.6,6.65,6.0,4.5,4.75,3.25,16190.1,16190.1,16185.65,16189.7,0
273,1657527480,82.75,18.63,127.3,65.5,101.35,51.1,78.85,39.2,59.7,30.35,44.4,23.0,32.0,17.4,22.15,13.05,15.45,10.0,10.3,7.5,6.95,5.9,4.7,4.75,3.4,16190.0,16195.35,16187.65,16195.35,0
274,1657527540,82.8,18.65,129.15,65.8,102.75,51.35,80.8,39.35,61.8,30.1,46.05,22.95,33.6,17.25,23.8,12.9,16.6,9.8,11.15,7.4,7.55,5.85,5.15,4.7,3.7,16195.8,16200.8,16195.8,16198.55,0
275,1657527600,83.5,18.62,127.0,66.25,101.15,51.85,79.1,39.7,60.2,30.4,44.95,23.1,32.55,17.4,22.9,13.0,15.95,9.9,10.7,7.45,7.15,5.95,5.0,4.75,3.55,16198.45,16198.45,16193.45,16194.55,0
276,1657527660,83.1,18.63,127.8,65.9,102.0,51.45,79.65,39.35,60.65,30.05,45.25,22.95,32.7,17.3,23.1,12.95,16.05,9.85,10.75,7.35,7.25,5.9,5.0,4.7,3.55,16195.1,16197.3,16194.8,16195.6,0
277,1657527720,81.05,18.6,130.8,64.35,104.6,50.25,81.95,38.5,62.5,29.55,46.8,22.45,33.85,17.05,24.0,12.85,16.6,9.75,11.05,7.35,7.45,5.8,5.05,4.65,3.6,16195.15,16198.6,16191.4,16198.6,0
278,1657527780,81.05,18.58,133.0,64.1,106.7,50.05,83.9,38.6,64.65,29.55,48.4,22.55,35.5,17.05,25.0,12.85,17.45,9.75,11.9,7.3,8.0,5.75,5.55,4.7,3.9,16198.95,16202.95,16197.9,16199.95,0
279,1657527840,79.85,18.57,134.25,63.15,108.2,49.25,85.2,38.0,65.55,29.05,49.45,22.2,36.0,16.75,25.65,12.55,17.7,9.6,12.0,7.25,8.15,5.7,5.5,4.65,3.9,16200.5,16204.6,16200.3,16203.45,0
280,1657527900,80.6,18.56,132.4,63.8,106.4,50.0,83.65,38.45,64.25,29.4,48.0,22.45,35.0,16.95,24.7,12.7,17.25,9.7,11.55,7.25,7.85,5.75,5.25,4.7,3.75,16203.65,16203.8,16200.65,16202.55,0
281,1657527960,82.9,18.61,128.45,65.55,103.05,51.5,80.65,39.6,61.85,30.4,46.0,23.1,33.45,17.4,23.4,13.1,16.2,9.95,10.85,7.45,7.3,5.8,4.95,4.75,3.5,16202.85,16202.85,16196.25,16196.55,0
282,1657528020,83.1,18.62,129.2,65.75,103.45,51.7,81.0,39.75,62.1,30.6,46.25,23.3,33.55,17.65,23.7,13.2,16.35,10.05,10.95,7.55,7.35,5.9,4.85,4.8,3.55,16196.5,16199.35,16196.1,16196.15,0
283,1657528080,83.65,18.61,127.25,66.15,101.4,51.95,79.15,40.0,60.35,30.75,44.85,23.45,32.5,17.8,22.8,13.45,15.75,10.2,10.55,7.65,7.05,6.05,4.75,4.85,3.35,16196.65,16196.9,16194.05,16194.75,0
284,1657528140,84.75,18.62,124.3,67.25,99.1,52.6,77.15,40.4,58.5,31.05,43.7,23.7,31.45,17.95,22.0,13.55,15.25,10.25,10.1,7.7,6.85,6.05,4.55,4.85,3.3,16194.2,16195.0,16188.5,16189.05,0
285,1657528200,82.15,18.61,129.65,65.0,103.8,50.8,81.0,39.1,61.85,30.05,46.05,22.85,33.5,17.3,23.6,13.1,16.35,9.85,10.85,7.45,7.25,5.85,4.8,4.7,3.5,16189.15,16196.15,16188.45,16194.7,0
286,1657528260,82.95,18.62,128.25,65.75,102.75,51.6,80.0,39.65,61.1,30.35,45.55,23.1,32.9,17.55,23.15,13.2,16.0,10.05,10.7,7.55,7.15,5.95,4.75,4.8,3.4,16194.95,16196.35,16192.3,16193.2,0
287,1657528320,82.4,18.6,129.25,65.45,103.4,51.1,80.9,39.35,61.7,30.2,46.0,23.1,33.5,17.45,23.6,13.1,16.25,10.0,10.8,7.5,7.2,5.9,4.85,4.75,3.5,16193.75,16195.85,16193.6,16195.0,0
288,1657528380,81.0,18.59,131.45,64.2,105.3,50.3,82.2,38.65,62.75,29.75,47.0,22.7,34.2,17.15,24.05,13.0,16.65,9.85,11.25,7.4,7.5,5.8,5.0,4.7,3.55,16195.15,16197.75,16195.0,16197.3,0
289,1657528440,82.0,18.6,129.5,65.4,103.55,51.2,80.8,39.3,61.7,30.25,46.0,23.2,33.35,17.5,23.5,13.2,16.25,10.05,10.8,7.55,7.25,5.9,4.8,4.8,3.4,16197.5,16197.95,16190.9,16193.0,0
290,1657528500,75.75,18.59,141.0,60.0,113.7,47.1,89.85,36.2,69.05,27.75,52.15,21.2,38.05,16.25,27.2,12.3,18.9,9.45,12.75,7.2,8.45,5.65,5.65,4.55,4.0,16192.65,16211.7,16192.3,16210.55,0
291,1657528560,75.75,18.6,141.95,60.0,114.65,47.05,90.9,36.4,70.2,27.9,52.95,21.25,39.05,16.25,27.8,12.35,19.4,9.45,13.05,7.25,8.7,5.8,5.8,4.7,4.05,16211.8,16214.6,16211.55,16212.5,0
292,1657528620,72.4,18.58,148.65,57.55,120.7,45.2,96.1,34.6,74.75,26.8,56.7,20.45,42.0,15.65,30.25,11.85,21.3,9.15,14.55,7.1,9.75,5.75,6.5,4.65,4.55,16210.75,16226.85,16210.2,16219.75,0
293,1657528680,72.75,18.57,149.4,57.6,121.1,45.15,96.65,34.75,75.0,26.8,56.85,20.55,42.1,15.7,30.3,11.95,21.25,9.35,14.45,7.2,9.7,5.8,6.45,4.75,4.45,16220.45,16220.75,16215.05,16219.55,0
294,1657528740,74.25,18.59,146.25,58.85,118.1,46.05,93.85,35.45,72.65,27.35,54.95,20.95,40.45,15.95,28.95,12.25,20.2,9.5,13.75,7.35,9.1,5.85,6.05,4.75,4.2,16219.1,16220.4,16214.05,16214.65,0
295,1657528800,75.45,18.59,142.6,59.6,115.0,46.6,90.95,35.9,70.3,27.65,52.95,21.1,38.8,16.1,27.75,12.35,19.3,9.5,13.2,7.4,8.75,6.05,5.9,4.85,4.2,16214.65,16219.05,16209.75,16209.95,0
296,1657528860,75.8,18.61,141.25,59.95,113.5,47.15,89.7,36.15,69.35,27.75,52.05,21.25,38.25,16.3,27.3,12.45,19.05,9.6,12.9,7.55,8.75,6.0,5.85,4.9,4.25,16210.05,16211.75,16205.9,16206.5,0
297,1657528920,75.85,18.58,140.8,59.85,113.2,46.8,89.45,35.85,69.0,27.5,51.75,21.1,38.0,16.2,27.05,12.35,18.8,9.55,12.8,7.45,8.55,5.95,5.7,4.85,4.05,16206.3,16208.25,16204.5,16205.4,0
298,1657528980,75.0,18.6,142.3,59.4,115.1,46.4,91.25,35.45,70.55,27.35,53.1,21.0,39.0,16.05,27.8,12.2,19.4,9.55,13.0,7.35,8.65,5.95,5.75,4.85,4.05,16203.8,16208.45,16202.0,16208.1,0
299,1657529040,73.65,18.58,144.8,58.1,116.65,45.5,92.55,34.95,71.9,26.8,54.05,20.55,40.0,15.75,28.5,11.9,19.9,9.3,13.5,7.2,9.0,5.8,5.95,4.8,4.15,16208.8,16211.95,16206.7,16211.6,0
300,1657529100,71.6,18.58,149.4,55.9,120.7,43.6,95.8,33.35,74.25,25.65,56.2,19.65,41.45,15.1,29.55,11.55,20.65,8.95,14.05,6.95,9.35,5.7,6.2,4.7,4.3,16211.55,16217.45,16209.15,16217.45,0
301,1657529160,71.8,18.59,147.8,56.4,119.95,44.05,95.2,33.75,73.75,25.95,55.55,19.75,40.9,15.1,29.25,11.55,20.5,8.9,13.85,6.95,9.3,5.7,6.15,4.65,4.3,16217.3,16227.4,16217.3,16219.55,0
302,1657529220,73.6,18.61,144.5,57.95,117.35,45.2,92.75,34.65,71.5,26.55,53.85,20.25,39.5,15.45,28.2,11.75,19.65,9.1,13.35,7.05,8.9,5.75,5.9,4.65,4.15,16219.6,16219.8,16211.75,16212.4,0
303,1657529280,73.15,18.61,144.85,57.55,116.95,44.9,92.65,34.4,71.6,26.45,53.7,20.0,39.6,15.35,28.35,11.6,19.8,8.9,13.5,6.9,9.0,5.6,6.0,4.65,4.15,16213.15,16217.65,16213.15,16213.55,0
304,1657529340,72.0,18.64,149.6,56.75,121.35,43.9,96.25,33.65,74.75,25.8,56.3,19.65,41.55,15.1,29.9,11.45,21.0,8.9,14.2,6.9,9.55,5.6,6.35,4.6,4.35,16213.3,16218.45,16211.8,16218.25,0
305,1657529400,70.65,18.61,149.3,55.35,120.6,43.1,96.0,33.0,74.45,25.3,56.4,19.25,41.45,14.65,29.6,11.15,20.85,8.7,14.15,6.75,9.4,5.5,6.3,4.6,4.3,16217.95,16221.65,16217.3,16220.45,0
306,1657529460,72.0,18.63,146.95,56.7,118.95,44.0,93.85,33.65,72.75,25.85,54.85,19.6,40.4,15.0,28.9,11.5,20.2,8.85,13.75,6.85,9.2,5.55,6.1,4.55,4.25,16220.4,16220.4,16217.1,16217.35,0
307,1657529520,73.0,18.62,145.7,57.5,117.8,44.9,93.05,34.35,72.15,26.45,54.2,20.0,39.8,15.3,28.5,11.65,19.9,8.95,13.45,6.9,9.05,5.65,6.0,4.55,4.25,16217.35,16217.9,16214.85,16215.35,0
308,1657529580,65.35,18.49,158.05,51.3,128.25,39.85,102.35,30.65,80.0,23.7,60.55,18.2,44.9,13.95,32.1,10.7,22.65,8.25,15.2,6.5,10.15,5.35,6.75,4.5,4.6,16213.85,16237.85,16213.85,16234.55,0
309,1657529640,64.05,18.5,159.05,50.25,129.25,39.3,103.35,29.95,80.0,23.25,60.9,17.75,45.05,13.7,32.15,10.5,22.55,8.15,15.3,6.45,10.2,5.35,6.75,4.5,4.65,16234.6,16238.9,16234.15,16238.85,0
310,1657529700,66.0,18.52,154.4,51.95,125.15,40.45,99.35,30.95,77.2,23.9,58.35,18.2,42.8,14.05,30.7,10.75,21.25,8.4,14.5,6.65,9.5,5.45,6.25,4.55,4.4,16238.75,16242.75,16235.8,16236.5,0
311,1657529760,65.95,18.51,155.0,51.9,125.8,40.6,99.85,31.15,77.9,23.95,58.6,18.45,43.05,14.1,30.7,10.9,21.2,8.4,14.35,6.65,9.3,5.5,6.1,4.5,4.3,16235.7,16238.95,16233.5,16234.7,0
312,1657529820,66.65,18.52,152.35,52.5,123.6,40.85,98.0,31.15,75.8,24.15,56.85,18.45,41.7,14.15,29.6,10.85,20.55,8.4,13.8,6.65,9.05,5.55,6.0,4.55,4.15,16234.0,16235.05,16228.7,16228.75,0
313,1657529880,64.4,18.51,158.75,50.3,128.75,39.6,102.35,30.2,79.4,23.5,59.8,17.95,43.7,13.95,31.25,10.7,21.5,8.4,14.3,6.65,9.35,5.55,6.0,4.65,4.15,16228.7,16237.8,16227.7,16237.8,0
314,1657529940,65.2,18.51,157.05,51.4,127.5,40.25,101.4,30.9,78.8,23.9,59.2,18.3,43.45,14.2,30.7,10.9,21.15,8.55,13.95,6.75,9.05,5.55,5.85,4.6,3.95,16237.95,16237.95,16233.75,16234.85,0
315,1657530000,67.85,18.51,153.75,53.6,124.15,41.85,98.55,32.1,76.25,24.95,56.9,19.1,41.8,14.9,29.55,11.55,20.2,9.05,13.4,7.15,8.75,5.9,5.65,4.85,3.95,16235.45,16238.25,16231.6,16231.6,0
316,1657530060,66.0,18.51,156.65,51.85,127.2,40.6,100.95,31.15,78.1,24.15,58.8,18.55,43.1,14.4,30.45,11.15,21.0,8.85,13.95,7.0,9.1,5.8,5.85,4.75,3.95,16231.9,16233.0,16228.5,16231.95,0
317,1657530120,66.4,18.51,156.15,52.35,126.8,40.8,100.55,31.4,78.05,24.35,58.65,18.65,42.95,14.45,30.3,11.25,21.05,8.95,13.95,7.1,9.15,5.8,5.85,4.85,4.05,16232.9,16236.65,16232.5,16235.0,0
318,1657530180,62.0,18.47,164.6,48.6,134.05,38.0,107.0,29.2,83.35,22.55,63.1,17.3,46.45,13.6,33.1,10.55,22.8,8.4,15.25,6.7,9.9,5.55,6.35,4.7,4.25,16234.95,16243.35,16233.65,16242.8,0
319,1657530240,62.65,18.47,163.25,49.25,132.7,38.6,105.65,29.65,82.5,23.1,62.25,17.75,45.85,13.8,32.7,10.75,22.65,8.6,15.0,6.8,9.75,5.65,6.2,4.65,4.15,16242.9,16244.9,16241.1,16242.8,0
320,1657530300,62.55,18.48,163.45,49.25,132.9,38.7,105.8,29.65,82.25,23.05,61.95,17.75,45.55,13.8,32.35,10.75,22.4,8.6,14.9,6.85,9.65,5.7,6.1,4.75,4.1,16243.1,16243.2,16239.85,16241.9,0
321,1657530360,63.0,18.48,162.6,49.5,132.6,38.75,105.25,29.8,81.9,23.1,61.7,17.75,45.35,13.9,32.3,10.75,22.4,8.65,14.8,6.8,9.6,5.65,6.1,4.65,4.1,16242.25,16242.55,16237.65,16240.2,0
322,1657530420,61.4,18.45,164.45,48.0,133.7,37.45,106.45,28.8,83.0,22.2,62.65,17.05,45.9,13.25,32.75,10.25,22.7,8.3,15.1,6.65,9.75,5.5,6.15,4.6,4.2,16241.0,16248.55,16240.7,16243.8,0
323,1657530480,62.1,18.46,162.85,48.9,132.0,38.05,105.4,29.15,81.85,22.6,61.85,17.3,45.55,13.55,32.3,10.5,22.4,8.4,14.95,6.65,9.6,5.55,6.1,4.65,4.15,16243.65,16244.05,16240.15,16240.75,0
324,1657530540,63.25,18.45,160.9,49.7,130.4,38.65,103.55,29.7,80.2,23.15,60.75,17.7,44.65,13.9,31.6,10.65,21.8,8.55,14.55,6.8,9.35,5.65,5.9,4.75,4.0,16240.95,16242.3,16239.2,16239.5,0
325,1657530600,65.0,18.47,154.4,51.05,124.55,39.75,98.65,30.6,76.0,23.75,57.0,18.15,41.75,14.2,29.4,10.9,20.15,8.75,13.3,6.9,8.5,5.85,5.5,4.8,3.75,16239.0,16240.05,16232.5,16232.6,0
326,1657530660,65.3,18.48,155.2,51.3,125.65,40.15,99.05,30.75,76.4,23.95,57.35,18.25,41.75,14.3,29.6,11.05,20.3,8.8,13.45,7.0,8.65,5.85,5.5,4.9,3.7,16232.65,16233.0,16229.8,16232.25,0
327,1657530720,66.8,18.46,151.45,52.5,122.05,41.15,95.95,31.55,73.8,24.55,55.15,18.9,40.05,14.8,28.0,11.4,19.15,9.15,12.55,7.25,8.0,6.0,5.05,5.0,3.55,16232.25,16232.4,16224.95,16226.55,0
328,1657530780,63.55,18.45,158.5,49.85,128.85,38.95,101.75,29.95,78.55,23.3,59.1,18.0,43.0,13.95,30.15,10.9,20.6,8.75,13.4,6.95,8.4,5.75,5.25,4.9,3.45,16226.9,16234.9,16224.7,16234.6,0
329,1657530840,63.15,18.43,159.7,49.5,129.35,38.6,102.55,29.8,79.05,23.2,59.3,17.9,43.35,14.0,30.45,10.9,20.65,8.7,13.45,6.95,8.5,5.8,5.2,4.85,3.35,16235.0,16238.95,16234.15,16238.15,0
330,1657530900,63.85,18.45,160.0,50.1,129.5,39.25,102.75,30.35,79.15,23.75,59.45,18.35,43.4,14.3,30.6,11.1,20.75,8.95,13.55,7.2,8.55,6.0,5.2,5.15,3.35,16238.0,16238.25,16234.8,16237.95,0
331,1657530960,63.0,18.43,160.5,49.55,130.55,38.95,103.55,30.15,80.0,23.55,59.95,18.2,43.65,14.2,30.6,11.05,20.75,8.95,13.3,7.1,8.35,5.95,5.1,5.1,3.25,16238.15,16242.75,16237.7,16239.2,0
332,1657531020,63.75,18.45,157.3,50.3,126.9,39.3,100.25,30.2,77.35,23.6,58.0,18.15,42.15,14.15,29.4,11.0,20.05,8.9,12.9,7.05,8.15,5.9,4.95,5.05,3.25,16239.25,16239.25,16236.5,16237.2,0
333,1657531080,65.15,18.46,153.55,51.25,123.65,40.2,97.65,30.95,74.9,24.0,55.9,18.55,40.3,14.4,28.15,11.1,18.9,8.85,12.25,7.0,7.65,5.85,4.7,4.9,3.05,16236.65,16236.8,16231.05,16231.55,0
334,1657531140,68.35,18.46,146.65,53.55,117.35,41.85,91.95,32.15,70.25,25.05,52.4,19.3,37.7,14.95,26.45,11.5,17.65,9.15,11.35,7.3,7.25,6.05,4.6,5.05,3.05,16230.85,16230.85,16220.85,16220.95,0
335,1657531200,67.0,18.45,150.9,52.65,121.6,41.15,95.8,31.55,73.4,24.55,54.7,18.9,39.65,14.6,27.6,11.3,18.65,9.0,11.95,7.1,7.55,5.9,4.9,5.0,3.3,16220.65,16224.0,16216.45,16223.45,0
336,1657531260,67.6,18.43,147.65,53.0,118.3,41.55,93.1,31.9,71.0,24.8,52.65,19.1,37.85,14.8,26.3,11.5,17.6,9.15,11.25,7.25,7.0,5.9,4.45,4.95,3.0,16223.5,16223.7,16216.55,16220.65,0
337,1657531320,66.55,18.44,149.75,52.35,121.3,40.85,94.85,31.5,73.1,24.5,54.0,18.8,39.0,14.6,27.15,11.25,18.35,8.95,11.85,7.05,7.45,5.8,4.65,4.9,3.05,16220.35,16228.3,16220.25,16226.3,0
338,1657531380,66.0,18.43,152.7,51.85,123.0,40.75,96.95,31.3,74.3,24.5,55.5,18.9,40.0,14.75,27.75,11.35,18.7,9.0,12.15,7.1,7.45,5.85,4.7,4.9,3.15,16225.6,16230.85,16225.6,16230.5,0
339,1657531440,63.9,18.43,155.45,50.25,125.6,39.4,99.1,30.3,76.2,23.6,56.45,18.2,40.85,14.05,28.4,10.85,19.2,8.6,12.45,6.75,7.7,5.6,4.8,4.65,3.2,16230.4,16234.85,16230.4,16233.4,0
340,1657531500,63.1,18.41,156.95,49.6,126.7,38.65,100.0,29.75,76.95,23.15,57.45,17.85,41.65,13.9,28.95,10.65,19.55,8.5,12.65,6.75,7.95,5.5,4.9,4.6,3.2,16233.6,16235.8,16233.6,16234.85,0
341,1657531560,63.6,18.42,156.6,49.9,126.75,39.15,100.0,30.05,76.95,23.55,57.45,18.05,41.6,14.05,29.0,10.9,19.55,8.55,12.75,6.8,8.05,5.55,4.9,4.6,3.2,16235.5,16237.15,16235.2,16236.8,0
342,1657531620,63.5,18.42,155.85,50.0,125.5,39.15,98.95,29.95,76.0,23.35,56.8,18.0,41.1,14.0,28.75,10.75,19.55,8.5,12.7,6.8,8.15,5.6,5.1,4.65,3.3,16236.9,16239.35,16235.15,16235.4,0
343,1657531680,65.6,18.42,152.0,51.6,122.45,40.55,96.45,31.1,73.95,24.2,55.05,18.5,39.8,14.35,27.8,11.1,18.95,8.75,12.3,6.95,7.85,5.7,4.9,4.75,3.2,16235.8,16235.8,16228.1,16230.6,0
344,1657531740,66.95,18.42,150.2,52.35,120.1,41.0,95.05,31.45,72.7,24.4,54.3,18.8,39.1,14.55,27.4,11.2,18.6,8.85,12.1,6.95,7.6,5.7,4.75,4.75,3.15,16230.75,16231.45,16226.6,16227.0,0
345,1657531800,63.55,18.4,156.1,50.15,125.85,39.2,99.25,30.1,76.3,23.4,57.1,17.95,41.45,13.95,29.0,10.7,19.75,8.4,12.8,6.65,8.1,5.5,4.95,4.45,3.25,16224.65,16231.55,16223.05,16231.55,0
346,1657531860,67.75,18.4,148.4,53.45,118.95,41.7,93.25,31.9,71.45,24.8,53.15,19.05,38.45,14.7,26.75,11.1,18.2,8.85,11.9,6.95,7.5,5.65,4.75,4.7,3.15,16232.45,16234.5,16222.3,16223.85,0
347,1657531920,69.45,18.41,143.35,54.8,114.5,42.9,89.3,32.95,67.85,25.55,50.15,19.65,35.75,15.3,24.75,11.75,16.6,9.25,10.75,7.25,6.8,5.9,4.3,4.75,2.9,16223.15,16223.7,16214.6,16216.55,0
348,1657531980,68.25,18.4,145.6,53.8,116.45,42.0,90.9,32.0,69.3,24.95,51.65,19.1,37.0,14.9,25.65,11.3,17.35,8.9,11.25,7.0,7.1,5.65,4.45,4.7,3.0,16216.7,16220.65,16215.85,16220.65,0
349,1657532040,68.0,18.39,146.4,53.45,117.2,41.65,91.9,32.0,69.85,24.75,51.75,18.9,37.3,14.6,25.85,11.15,17.4,8.8,11.25,6.9,7.1,5.6,4.45,4.7,3.05,16220.8,16224.3,16220.45,16222.95,0
350,1657532100,63.65,18.38,153.8,50.2,123.4,39.15,97.9,29.95,74.95,23.25,55.8,17.8,40.65,13.8,28.0,10.55,19.1,8.35,12.5,6.65,7.8,5.45,4.9,4.45,3.3,16223.35,16235.05,16223.35,16235.05,0
351,1657532160,64.05,18.37,155.25,50.6,125.2,39.4,98.6,30.25,75.65,23.55,56.45,18.15,41.0,14.0,28.5,10.7,19.5,8.5,12.55,6.65,7.95,5.4,4.9,4.5,3.25,16235.3,16239.75,16235.3,16238.7,0
352,1657532220,62.9,18.41,156.4,49.6,125.8,38.75,99.3,29.75,76.1,23.05,56.9,17.6,41.1,13.65,28.6,10.5,19.35,8.35,12.5,6.55,7.8,5.35,4.8,4.45,3.2,16238.6,16239.15,16235.4,16239.15,0
353,1657532280,65.7,18.41,151.45,51.55,121.4,40.2,95.6,30.95,73.0,24.05,54.35,18.4,39.25,14.25,27.35,10.95,18.55,8.7,12.0,6.8,7.5,5.55,4.65,4.65,3.05,16239.2,16239.25,16232.35,16232.35,0
354,1657532340,66.1,18.4,150.95,52.05,121.15,40.65,95.35,31.3,72.85,24.4,53.95,18.7,39.05,14.6,27.25,11.3,18.35,9.0,11.9,7.05,7.45,5.75,4.55,4.8,3.0,16232.2,16232.95,16229.85,16232.5,0
355,1657532400,66.75,18.41,151.25,52.65,121.9,41.15,95.8,31.7,73.2,24.65,54.45,18.9,39.5,14.75,27.45,11.35,18.6,9.0,12.1,7.0,7.6,5.8,4.7,4.75,3.0,16232.9,16232.9,16230.75,16231.6,0
356,1657532460,68.4,18.38,148.45,53.65,118.4,42.2,93.6,32.2,71.5,25.1,53.25,19.05,38.3,14.85,26.45,11.35,18.0,9.05,11.7,7.1,7.3,5.85,4.5,4.8,2.95,16231.6,16231.7,16226.3,16226.65,0
357,1657532520,68.2,18.4,147.85,53.75,118.25,42.1,93.0,32.65,70.85,25.15,52.7,19.25,38.1,15.0,26.55,11.5,17.9,9.2,11.55,7.15,7.25,5.9,4.5,4.8,2.95,16227.25,16227.25,16221.3,16222.95,0
358,1657532580,70.15,18.39,144.15,55.1,115.0,43.3,90.25,33.3,68.7,25.75,51.0,19.75,36.8,15.2,25.7,11.6,17.5,9.2,11.25,7.2,7.15,5.9,4.45,4.75,2.95,16222.9,16225.7,16220.05,16221.3,0
359,1657532640,70.8,18.39,142.5,55.75,114.0,43.65,89.65,33.6,68.2,26.05,50.7,19.95,36.7,15.4,25.5,11.7,17.3,9.25,11.15,7.25,7.05,6.0,4.45,4.85,2.95,16221.95,16221.95,16216.8,16218.05,0
360,1657532700,67.85,18.35,145.85,53.4,117.4,41.45,92.15,31.7,70.3,24.4,52.65,18.5,38.3,14.25,26.8,10.75,18.1,8.6,11.65,6.7,7.35,5.55,4.5,4.6,3.0,16218.7,16222.7,16214.95,16221.25,0
361,1657532760,72.95,18.35,136.05,57.25,108.3,44.55,84.45,34.05,64.1,26.25,47.3,19.85,34.05,15.35,23.7,11.55,15.9,9.2,10.3,7.2,6.55,5.95,4.25,4.85,2.9,16221.2,16221.4,16207.35,16207.6,0
362,1657532820,73.15,18.33,135.0,57.35,107.65,44.55,83.4,34.05,63.25,26.15,46.6,19.8,33.45,15.2,23.05,11.5,15.45,9.1,10.0,7.1,6.5,5.75,4.25,4.75,2.95,16207.9,16209.25,16205.85,16207.15,0
363,1657532880,71.85,18.31,137.3,56.5,109.05,43.8,85.0,33.35,64.5,25.55,47.45,19.4,34.15,14.95,23.75,11.3,16.0,8.95,10.2,6.95,6.65,5.75,4.25,4.75,2.95,16207.35,16209.85,16206.4,16209.15,0
364,1657532940,72.75,18.32,135.85,57.1,108.2,44.25,84.55,33.75,63.9,26.0,47.35,19.7,34.15,15.0,23.75,11.35,16.05,8.95,10.35,6.9,6.65,5.7,4.3,4.7,3.0,16209.55,16210.7,16208.4,16208.4,0
365,1657533000,72.8,18.32,133.45,57.05,105.75,44.15,82.5,33.75,62.25,25.95,45.75,19.65,32.75,15.2,22.8,11.45,15.3,9.0,9.85,7.0,6.3,5.75,4.1,4.7,2.85,16208.95,16212.7,16203.45,16203.45,0
366,1657533060,72.55,18.29,134.35,57.0,106.75,44.05,83.0,33.5,62.7,25.8,46.25,19.5,33.2,15.0,23.0,11.35,15.45,8.85,10.0,6.9,6.35,5.65,4.05,4.65,2.8,16203.6,16207.4,16202.75,16206.45,0
367,1657533120,73.1,18.28,130.75,57.15,103.6,44.0,80.8,33.55,60.7,25.7,44.65,19.35,31.95,14.65,22.0,11.05,14.8,8.45,9.5,6.5,6.15,5.2,4.0,4.35,2.85,16207.6,16208.05,16204.7,16205.5,0
368,1657533180,75.05,18.3,128.35,58.9,101.35,45.3,78.65,34.55,58.95,26.5,43.4,19.95,31.05,15.1,21.5,11.3,14.55,8.7,9.45,6.55,6.1,5.2,4.05,4.25,2.85,16205.5,16206.1,16201.15,16201.15,0
369,1657533240,78.05,18.33,122.65,61.25,97.4,47.2,75.35,35.95,56.45,27.6,41.25,20.8,29.6,15.6,20.55,11.65,13.85,8.95,9.05,6.7,5.9,5.3,3.85,4.35,2.75,16202.1,16202.1,16196.65,16196.65,0
370,1657533300,76.35,18.34,127.5,60.05,101.0,46.35,78.35,35.3,58.95,27.1,43.5,20.45,31.15,15.4,21.4,11.45,14.4,8.65,9.2,6.6,5.9,5.15,3.95,4.2,2.75,16197.15,16197.15,16194.45,16196.6,0
371,1657533360,76.6,18.34,128.75,60.4,101.7,46.65,79.1,35.7,59.65,27.45,44.15,20.7,31.75,15.65,22.0,11.7,14.9,8.9,9.55,6.75,6.25,5.3,4.1,4.25,2.75,16197.3,16199.45,16196.8,16198.1,0
372,1657533420,77.85,18.35,123.5,60.95,97.3,47.1,75.35,35.85,56.65,27.4,41.65,20.65,29.9,15.6,20.75,11.7,14.0,8.75,9.2,6.7,5.9,5.3,3.85,4.3,2.65,16198.8,16199.2,16195.7,16195.8,0
373,1657533480,76.6,18.39,126.95,60.0,100.45,46.45,77.9,35.45,58.6,27.3,43.3,20.6,30.95,15.55,21.35,11.55,14.45,8.8,9.45,6.75,6.15,5.4,3.95,4.3,2.8,16195.8,16197.15,16194.25,16196.15,0
