,epoch,PE_15700,vix_close,CE_15750,PE_15650,CE_15800,PE_15600,CE_15850,PE_15550,CE_15900,PE_15500,CE_15950,PE_15450,CE_16000,PE_15400,CE_16050,PE_15350,CE_16100,PE_15300,CE_16150,PE_15250,CE_16200,PE_15200,CE_16250,PE_15150,CE_16300,nifty_open,nifty_high,nifty_low,nifty_close,nifty_volume
0,1655178300,119.3,21.91,140.0,100.6,115.85,83.4,93.85,68.6,75.5,56.8,59.95,45.9,46.75,37.75,36.15,30.45,27.7,24.7,21.5,20.1,16.85,16.1,13.35,13.5,10.7,15674.25,15743.5,15674.25,15738.35,0
1,1655178360,119.2,21.93,137.9,99.05,113.45,81.7,91.65,67.45,73.2,55.0,57.8,44.45,44.65,36.0,34.55,29.2,26.55,23.55,20.5,19.2,16.2,15.55,12.75,12.95,10.15,15734.4,15742.6,15728.25,15741.75,0
2,1655178420,111.2,21.84,147.6,92.4,122.2,76.1,98.7,62.55,79.35,50.8,62.9,40.9,49.05,33.2,37.95,26.95,29.4,21.5,22.9,17.65,17.85,14.2,14.1,11.65,11.1,15740.25,15765.2,15740.25,15765.15,0
3,1655178480,117.2,21.97,138.1,97.65,113.1,80.75,91.65,66.3,72.95,54.25,57.05,43.75,44.1,35.55,33.8,28.75,26.0,23.2,20.15,19.0,15.75,15.35,12.45,12.55,9.9,15764.9,15767.45,15740.45,15745.6,0
4,1655178540,120.5,22.07,134.7,100.65,110.8,83.4,89.0,68.4,70.85,55.85,55.5,45.45,42.65,36.9,32.65,29.85,24.9,24.2,19.25,19.9,15.2,16.2,11.95,13.35,9.45,15748.25,15751.5,15735.95,15738.1,0
5,1655178600,120.35,22.1,133.35,100.3,109.15,82.85,88.4,68.35,69.95,55.45,54.6,45.3,42.1,36.65,32.15,29.85,24.5,23.95,18.8,19.75,14.85,16.15,11.75,13.5,9.45,15737.75,15746.5,15733.45,15736.9,0
6,1655178660,120.05,22.1,132.25,99.95,108.3,82.6,87.4,67.4,69.0,55.1,53.8,44.75,41.45,36.0,31.45,29.35,24.05,23.5,18.35,19.25,14.45,15.7,11.5,13.15,9.15,15737.45,15743.45,15735.1,15739.75,0
7,1655178720,122.15,22.07,126.8,101.85,103.2,83.8,83.05,68.55,65.35,55.45,50.65,45.05,38.75,36.25,29.25,29.45,22.2,23.6,17.1,19.3,13.4,15.75,10.6,13.15,8.6,15737.45,15741.35,15729.2,15731.3,0
8,1655178780,126.2,22.03,122.1,104.8,98.9,86.4,79.25,70.35,62.05,56.9,47.95,45.9,36.75,36.9,27.75,29.8,21.15,23.8,16.15,19.6,12.9,15.95,10.2,13.25,8.2,15729.65,15730.65,15718.0,15719.6,0
9,1655178840,130.65,22.07,118.65,108.8,96.4,89.65,76.9,73.45,60.25,59.65,46.5,48.3,35.65,38.65,27.0,31.2,20.45,25.1,15.6,20.5,12.4,16.7,9.85,13.65,7.95,15720.75,15720.75,15708.1,15708.55,0
10,1655178900,135.85,22.1,114.1,113.65,92.3,94.1,73.1,76.95,57.25,62.8,44.65,50.9,33.75,41.05,25.75,32.9,19.65,26.4,14.95,21.35,11.85,17.2,9.4,14.1,7.6,15709.6,15715.05,15697.75,15699.35,0
11,1655178960,136.6,22.15,114.55,114.65,92.95,94.85,73.95,78.0,57.8,63.35,44.65,51.55,34.1,41.55,25.8,33.4,19.6,26.75,15.15,21.6,12.0,17.6,9.55,14.45,7.7,15698.35,15707.65,15696.85,15700.7,0
12,1655179020,138.9,22.16,111.2,116.55,89.95,96.1,71.5,79.2,56.05,64.3,43.05,52.0,32.85,41.95,24.85,33.6,18.85,26.75,14.55,21.6,11.45,17.45,9.1,14.25,7.35,15699.8,15703.5,15693.7,15693.7,0
13,1655179080,144.6,22.18,106.75,121.3,86.15,100.7,68.25,82.6,53.25,67.7,41.0,54.75,31.2,44.25,23.35,35.6,17.7,28.4,13.55,22.95,10.75,18.5,8.65,15.1,7.05,15694.2,15694.2,15676.45,15676.45,0
14,1655179140,151.4,22.22,102.1,127.1,82.3,106.1,65.1,87.25,50.95,71.6,39.25,57.95,30.1,46.75,22.7,37.45,17.35,30.1,13.45,24.45,10.75,19.55,8.65,16.15,7.05,15677.3,15679.35,15667.25,15668.7,0
15,1655179200,150.2,22.27,104.45,126.75,84.0,105.45,66.2,85.9,51.8,71.1,40.25,56.85,30.9,46.55,23.5,36.9,18.0,29.35,13.95,23.55,11.15,19.05,8.95,15.75,7.3,15667.15,15670.95,15659.45,15670.1,0
16,1655179260,141.0,22.19,108.9,118.65,88.0,98.05,69.65,80.9,54.65,65.6,42.3,53.15,32.55,42.55,24.75,34.35,18.95,27.4,14.65,22.1,11.65,17.8,9.35,14.8,7.55,15672.75,15685.3,15671.25,15682.75,0
17,1655179320,139.4,22.14,111.05,116.55,89.65,96.85,71.4,79.5,56.0,64.6,43.4,52.2,33.5,41.9,25.4,33.6,19.3,26.75,15.0,21.45,11.8,17.25,9.4,14.3,7.65,15683.65,15700.15,15683.65,15690.6,0
18,1655179380,133.5,22.09,114.95,111.8,92.65,91.85,74.2,75.3,58.3,60.7,45.05,48.95,34.8,39.0,26.4,31.1,20.1,24.8,15.5,20.0,12.25,16.0,9.7,13.25,7.85,15690.8,15701.35,15689.4,15701.35,0
19,1655179440,131.55,22.1,117.15,109.4,94.75,90.55,75.95,74.0,59.55,59.8,46.3,48.2,35.7,38.6,27.2,30.6,20.6,24.4,15.9,19.55,12.55,15.7,9.95,12.95,8.0,15700.1,15710.35,15700.1,15706.1,0
20,1655179500,120.55,22.04,123.9,100.0,100.45,81.8,80.85,67.05,63.45,53.9,49.6,43.55,38.1,34.7,29.1,27.5,22.1,21.85,16.8,17.55,13.3,14.05,10.45,11.65,8.35,15706.6,15726.35,15706.6,15723.8,0
21,1655179560,122.75,22.05,126.25,101.9,102.9,83.95,82.65,68.2,65.0,55.2,50.9,44.3,39.15,35.5,29.95,28.3,22.75,22.6,17.4,18.2,13.75,14.65,10.75,12.2,8.6,15723.55,15726.55,15716.45,15721.65,0
22,1655179620,124.45,22.05,123.25,103.45,100.15,85.4,80.0,69.75,62.95,56.3,49.0,45.3,37.7,36.1,28.65,28.8,21.75,23.05,16.55,18.45,13.0,14.9,10.15,12.2,8.2,15722.9,15724.55,15716.45,15718.05,0
23,1655179680,117.75,22.04,131.05,97.45,106.95,80.25,86.9,64.85,68.55,52.3,53.7,42.1,41.7,33.4,31.8,26.7,24.05,21.35,18.45,17.3,14.4,13.9,11.35,11.6,8.95,15717.8,15732.15,15716.15,15731.7,0
24,1655179740,118.9,22.04,131.85,98.8,107.9,81.0,86.6,66.0,68.65,53.05,54.4,42.75,42.0,33.85,32.25,26.95,24.5,21.6,18.75,17.4,14.8,14.05,11.55,11.65,9.2,15732.65,15739.2,15728.65,15729.55,0
25,1655179800,124.25,22.04,127.05,103.25,104.2,84.6,84.0,69.1,66.9,55.7,52.95,45.1,41.35,35.9,32.0,28.8,24.55,22.85,18.85,18.25,14.8,14.8,11.75,12.1,9.5,15730.75,15735.1,15723.7,15723.7,0
26,1655179860,118.05,22.31,135.45,97.65,111.5,79.75,90.45,64.85,72.3,52.3,57.15,41.6,44.75,33.25,34.7,26.35,26.7,20.8,20.5,16.6,16.15,13.4,12.75,11.15,10.25,15722.7,15737.95,15722.7,15737.1,0
27,1655179920,119.95,22.33,133.0,99.25,109.15,81.35,88.2,66.5,70.5,53.75,55.55,43.05,43.4,34.5,33.45,27.1,25.5,21.7,19.65,17.25,15.4,13.95,12.15,11.45,9.7,15737.1,15738.0,15730.45,15731.6,0
28,1655179980,120.75,22.35,133.65,100.45,110.0,82.6,88.85,67.45,71.15,54.45,56.05,43.6,43.7,34.95,33.65,27.85,25.65,22.1,19.75,17.75,15.45,14.3,12.1,11.65,9.7,15730.9,15734.85,15728.1,15730.4,0
29,1655180040,114.85,22.34,138.35,95.0,114.0,77.65,92.45,63.3,74.2,51.0,58.35,40.9,45.6,32.7,35.1,26.0,26.9,20.75,20.75,16.7,16.3,13.4,12.65,11.1,10.3,15731.15,15740.85,15731.0,15740.85,0
30,1655180100,107.6,22.31,143.6,88.65,119.05,71.75,97.4,57.9,78.2,46.5,62.15,36.9,48.7,29.35,37.85,23.2,29.15,18.4,22.45,14.85,17.6,12.0,13.95,9.9,11.1,15740.3,15754.25,15740.3,15754.25,0
31,1655180160,110.4,22.32,142.6,90.6,117.95,73.6,96.45,59.65,77.45,47.7,61.75,37.85,48.45,30.05,37.75,23.55,29.1,18.6,22.55,14.65,17.8,11.75,14.0,9.65,11.25,15753.95,15757.45,15753.0,15754.95,0
32,1655180220,104.0,22.29,149.0,85.5,124.05,68.85,101.35,55.25,82.35,44.15,65.45,34.7,51.5,27.55,40.55,21.6,31.25,16.85,24.45,13.45,19.35,10.75,15.4,8.85,12.35,15754.9,15770.2,15754.9,15764.95,0
33,1655180280,104.3,22.33,149.6,85.2,124.55,68.75,102.5,55.45,82.95,44.15,66.2,35.0,52.1,27.75,40.75,21.8,31.35,17.25,24.5,13.7,19.15,11.1,15.25,9.1,12.2,15763.55,15764.65,15759.0,15763.8,0
34,1655180340,102.65,22.32,152.05,84.45,126.85,68.0,104.5,54.75,84.7,43.8,67.9,34.7,53.85,27.4,42.35,21.45,32.75,17.05,25.45,13.55,20.15,10.9,15.9,8.95,12.8,15764.05,15773.55,15763.9,15769.8,0
35,1655180400,104.2,22.35,153.95,85.5,128.8,69.4,106.5,55.5,86.75,44.7,69.75,35.55,55.4,28.25,43.65,22.35,33.75,17.6,26.3,14.1,20.8,11.45,16.4,9.35,13.05,15770.65,15776.2,15769.9,15770.8,0
36,1655180460,100.75,22.3,160.45,82.5,134.9,66.25,112.25,53.55,92.3,42.85,75.0,34.0,60.15,26.95,47.8,21.05,37.35,16.75,29.25,13.2,23.2,10.7,18.45,8.85,14.85,15770.75,15783.45,15770.45,15781.15,0
37,1655180520,108.45,22.36,150.6,88.75,127.05,72.5,104.25,58.15,85.35,46.6,68.7,37.3,54.75,29.55,43.1,23.45,33.4,18.45,26.1,14.75,20.6,11.85,16.3,9.75,13.05,15779.95,15780.0,15764.35,15765.95,0
38,1655180580,109.95,22.4,148.4,90.75,124.05,73.8,102.1,59.8,83.25,48.15,66.85,38.55,53.0,30.65,41.75,24.35,32.35,19.3,25.2,15.45,19.85,12.55,15.75,10.35,12.6,15766.2,15766.2,15758.45,15758.45,0
39,1655180640,110.8,22.43,147.7,91.05,123.5,74.15,101.25,60.3,82.7,48.5,65.95,38.85,52.35,31.0,41.1,24.9,31.8,19.9,24.75,16.15,19.35,13.15,15.4,10.85,12.3,15757.55,15757.7,15748.65,15752.85,0
40,1655180700,113.5,22.46,145.55,93.8,121.5,76.6,100.2,62.75,81.5,50.4,65.6,40.45,51.7,32.25,40.75,25.9,31.35,20.7,24.45,16.55,19.15,13.6,15.25,11.2,12.2,15753.5,15758.6,15747.55,15749.8,0
41,1655180760,112.7,22.47,146.45,93.15,122.3,76.1,100.9,61.95,82.1,50.1,65.8,40.3,52.0,32.25,40.8,25.7,31.5,20.6,24.45,16.65,19.2,13.65,15.2,11.25,12.1,15749.95,15750.75,15741.55,15749.5,0
42,1655180820,114.85,22.5,144.2,95.1,120.4,77.85,98.85,63.35,80.15,51.3,64.25,41.05,50.9,32.8,39.95,26.25,30.8,20.95,23.85,16.95,18.8,13.8,14.95,11.45,11.85,15750.05,15754.45,15747.6,15747.7,0
43,1655180880,110.45,22.5,149.7,91.2,125.1,74.1,103.45,60.3,84.4,48.6,67.8,38.9,53.9,30.8,42.85,24.55,33.2,19.5,26.0,15.7,20.5,12.85,16.25,10.6,12.95,15746.85,15758.65,15746.85,15756.15,0
44,1655180940,108.2,22.46,151.05,89.15,126.5,72.6,105.0,59.05,85.4,47.35,68.9,38.0,54.9,30.15,43.65,24.0,34.05,19.25,26.7,15.45,21.05,12.65,16.65,10.4,13.3,15756.45,15763.1,15751.75,15759.85,0
45,1655181000,108.2,22.44,151.7,89.0,127.15,72.6,105.5,58.9,85.8,47.4,69.45,37.9,55.25,30.4,43.85,24.0,34.2,19.25,26.7,15.5,21.1,12.65,16.8,10.5,13.4,15759.6,15768.0,15757.85,15762.6,0
46,1655181060,109.45,22.41,150.6,90.35,125.8,73.5,104.0,59.75,84.9,48.1,68.3,38.55,54.1,30.8,42.8,24.65,33.2,19.8,25.8,16.0,20.45,13.0,16.1,10.85,12.85,15762.5,15762.6,15755.2,15759.25,0
47,1655181120,107.45,22.4,151.9,88.75,127.0,72.1,105.05,58.6,85.6,47.2,69.0,37.85,54.9,30.15,43.1,23.85,33.55,18.95,26.0,15.3,20.5,12.45,16.2,10.45,12.9,15759.35,15765.6,15757.75,15763.6,0
48,1655181180,108.5,22.39,150.7,89.5,125.8,73.15,104.0,59.5,84.65,47.85,68.0,38.3,54.0,30.7,42.4,24.3,32.8,19.5,25.65,15.65,20.15,12.75,15.95,10.45,12.7,15763.4,15766.2,15762.85,15763.0,0
49,1655181240,106.25,22.38,153.8,87.4,128.75,71.2,106.5,57.45,87.05,46.15,70.0,36.9,55.7,29.45,44.05,23.25,34.5,18.7,26.9,15.05,21.1,12.1,16.75,10.05,13.35,15762.7,15767.45,15762.05,15766.25,0
50,1655181300,107.45,22.39,153.15,87.95,128.7,71.8,106.15,58.2,86.65,46.55,69.9,37.4,55.6,29.85,44.05,23.55,34.3,18.95,26.8,15.25,21.05,12.3,16.7,10.1,13.3,15766.55,15767.05,15764.75,15765.6,0
51,1655181360,112.0,22.37,146.0,92.3,121.7,75.25,100.05,61.35,81.25,49.45,64.95,39.7,51.25,31.95,40.4,25.35,31.25,20.4,24.3,16.3,19.0,13.2,15.05,10.95,12.05,15764.75,15764.8,15753.35,15753.35,0
52,1655181420,110.45,22.38,148.9,91.25,124.35,74.55,102.65,60.7,83.35,49.0,66.85,39.55,52.85,31.55,41.7,25.2,32.25,20.3,25.0,16.4,19.7,13.2,15.55,11.0,12.3,15754.45,15757.45,15753.35,15754.9,0
53,1655181480,109.1,22.4,150.0,89.85,125.4,73.05,103.6,59.6,84.4,48.15,67.65,38.75,53.5,30.95,42.3,24.65,32.75,19.7,25.45,15.9,19.9,12.9,15.75,10.7,12.4,15755.4,15763.35,15754.55,15759.9,0
54,1655181540,108.55,22.39,150.75,89.55,126.0,72.95,104.0,59.4,84.65,47.8,67.7,38.6,53.65,30.9,42.2,24.55,32.8,19.7,25.55,15.8,19.95,12.8,15.7,10.6,12.45,15760.15,15764.0,15758.85,15761.35,0
55,1655181600,111.6,22.43,147.5,92.05,123.2,75.4,101.55,61.6,82.35,49.5,65.9,39.65,52.15,32.0,40.85,25.45,31.6,20.4,24.6,16.4,19.25,13.25,15.15,10.95,12.0,15761.6,15761.6,15755.5,15755.55,0
56,1655181660,112.85,22.41,145.0,93.4,120.9,76.25,99.05,62.05,80.25,50.1,63.95,40.2,50.45,32.2,39.25,25.65,30.1,20.55,23.3,16.55,18.15,13.4,14.4,11.05,11.4,15755.2,15756.3,15749.25,15750.1,0
57,1655181720,110.65,22.4,148.35,91.45,123.9,74.85,101.85,61.0,82.4,49.3,65.95,39.7,51.85,31.65,40.7,25.2,31.3,20.2,24.15,16.3,19.1,13.25,14.95,10.9,11.8,15750.3,15754.95,15747.75,15753.45,0
58,1655181780,109.0,22.39,151.0,89.7,126.45,73.35,104.2,59.6,84.45,47.65,67.75,38.35,53.65,30.55,42.15,24.35,32.65,19.4,25.3,15.8,19.8,12.8,15.6,10.55,12.3,15753.45,15758.95,15753.45,15758.95,0
59,1655181840,108.25,22.38,150.5,89.65,125.3,72.9,103.5,59.35,84.15,47.8,67.4,38.3,53.45,30.45,41.95,24.0,32.5,19.15,25.05,15.4,19.65,12.55,15.5,10.3,12.25,15759.4,15759.4,15756.3,15758.15,0
60,1655181900,107.0,22.37,152.0,88.45,127.4,72.15,105.1,58.45,85.45,46.75,68.6,37.3,54.25,29.85,42.8,23.65,33.15,18.85,25.9,15.05,20.25,12.15,16.05,10.0,12.75,15758.7,15766.7,15758.7,15766.0,0
61,1655181960,108.4,22.38,152.0,89.4,127.25,73.1,104.95,59.25,85.2,47.55,68.3,38.15,54.0,30.3,42.4,24.05,32.95,19.2,25.55,15.4,20.0,12.45,15.8,10.2,12.6,15765.2,15765.5,15762.6,15763.9,0
62,1655182020,105.25,22.38,157.3,86.4,131.45,70.45,108.6,57.25,88.5,45.8,71.1,36.7,56.4,29.3,44.4,23.1,34.5,18.45,26.8,14.75,21.1,12.1,16.75,10.0,13.3,15764.45,15771.95,15764.45,15771.95,0
63,1655182080,104.1,22.38,156.7,85.45,131.75,69.45,108.55,56.1,88.45,45.0,70.9,35.7,56.45,28.45,44.75,22.4,34.8,17.8,27.1,14.15,21.35,11.45,16.9,9.4,13.35,15772.25,15777.25,15772.25,15773.65,0
64,1655182140,105.05,22.38,156.05,86.5,130.3,70.45,107.5,56.95,87.65,45.55,70.3,36.55,55.7,29.15,43.6,22.95,33.85,18.4,26.25,14.65,20.6,11.9,16.1,9.7,12.95,15773.55,15774.0,15767.45,15772.45,0
65,1655182200,106.9,22.36,154.25,88.2,129.2,71.8,106.15,58.05,86.2,46.7,69.0,37.45,54.55,29.9,42.85,23.65,33.25,18.85,25.55,15.0,20.1,12.15,15.85,9.9,12.6,15772.2,15772.2,15764.7,15765.65,0
66,1655182260,107.2,22.35,153.45,88.25,128.45,71.8,105.8,58.35,85.9,46.8,68.95,37.45,54.4,29.9,42.75,23.65,33.15,18.75,25.55,14.9,20.0,12.0,15.85,9.8,12.55,15766.3,15766.65,15762.6,15764.4,0
67,1655182320,109.45,22.34,151.05,90.2,126.2,73.45,104.1,59.7,84.45,47.75,67.4,38.2,53.25,30.4,41.85,24.15,32.2,19.15,25.0,15.1,19.6,12.25,15.5,10.0,12.25,15763.6,15763.6,15757.6,15759.6,0
68,1655182380,108.3,22.33,152.7,89.45,127.8,72.7,105.35,59.15,85.55,47.55,68.65,38.05,54.2,30.25,42.6,23.85,33.0,19.0,25.35,15.1,19.9,12.1,15.65,9.9,12.55,15759.45,15761.1,15756.85,15760.6,0
69,1655182440,104.8,22.37,158.3,86.25,133.05,70.1,110.05,57.0,89.9,45.7,72.2,36.5,57.5,29.1,45.5,22.95,35.15,18.35,27.4,14.65,21.55,11.75,16.9,9.65,13.45,15760.7,15771.55,15760.7,15770.45,0
70,1655182500,101.25,22.35,162.85,83.0,136.85,67.3,113.45,54.4,93.05,43.45,74.9,34.65,59.9,27.7,47.45,21.75,37.0,17.25,28.7,13.7,22.6,11.15,17.75,9.2,14.1,15771.05,15779.35,15770.5,15779.35,0
71,1655182560,103.7,22.34,159.15,85.3,133.4,69.1,110.35,56.05,90.5,44.85,73.0,35.8,58.05,28.5,46.1,22.55,35.9,17.9,27.85,14.2,21.9,11.4,17.35,9.35,13.9,15780.2,15782.5,15776.7,15776.7,0
72,1655182620,98.8,22.33,167.6,80.95,141.0,65.7,117.55,53.0,96.5,42.45,78.15,34.1,62.65,27.05,49.85,21.6,38.85,17.15,30.4,13.7,23.9,11.1,18.9,9.2,15.0,15777.35,15788.55,15777.35,15787.6,0
73,1655182680,98.8,22.33,166.5,80.6,140.25,65.35,116.95,52.85,95.85,42.3,77.4,33.65,62.0,26.85,49.05,21.35,38.3,16.9,30.1,13.5,23.4,10.95,18.6,9.0,14.75,15789.05,15791.2,15785.9,15787.75,0
74,1655182740,99.35,22.31,165.75,81.5,139.35,66.1,115.9,53.7,94.8,43.15,76.95,34.4,61.35,27.45,48.45,21.75,38.0,17.3,29.55,13.9,23.1,11.15,18.1,9.2,14.4,15788.45,15788.45,15782.55,15784.85,0
75,1655182800,96.8,22.3,169.4,79.0,142.5,63.75,118.5,51.55,97.2,41.2,78.85,32.75,62.7,26.3,49.9,20.7,39.05,16.6,30.5,13.25,23.95,10.75,18.9,8.9,14.95,15785.4,15795.55,15785.4,15790.45,0
76,1655182860,97.2,22.3,167.55,79.35,140.8,64.2,116.95,51.85,95.7,41.65,77.55,33.2,61.9,26.6,49.15,20.95,38.25,16.75,29.8,13.4,23.35,10.75,18.4,8.85,14.55,15790.9,15794.25,15789.1,15791.05,0
77,1655182920,95.7,22.27,168.8,77.95,141.75,62.85,117.95,50.9,96.8,40.75,78.25,32.7,62.25,26.05,49.45,20.65,38.35,16.5,29.85,13.2,23.35,10.7,18.35,8.8,14.55,15790.8,15795.75,15790.35,15794.0,0
78,1655182980,92.9,22.22,173.05,75.75,145.65,60.85,121.2,49.25,99.3,39.35,80.6,31.4,64.35,25.0,51.05,19.85,39.85,15.9,30.95,12.8,24.15,10.45,19.0,8.6,15.05,15795.1,15801.7,15794.2,15801.5,0
79,1655183040,90.3,22.18,174.4,73.8,147.25,59.15,122.8,47.75,100.35,38.1,81.5,30.25,65.0,24.2,51.55,19.2,40.35,15.4,31.25,12.45,24.5,10.2,19.15,8.5,15.15,15801.2,15811.5,15801.2,15807.15,0
80,1655183100,89.8,22.15,175.05,73.6,146.6,59.35,122.15,47.85,100.55,38.25,81.55,30.3,65.2,24.3,51.85,19.3,40.3,15.6,31.35,12.4,24.5,10.3,19.15,8.6,15.15,15807.15,15815.55,15806.7,15809.45,0
81,1655183160,89.6,22.12,175.5,72.95,148.2,58.85,123.55,47.5,101.35,38.1,82.0,30.25,65.25,24.35,51.6,19.3,40.1,15.65,31.2,12.7,24.35,10.45,19.05,8.8,15.05,15809.75,15812.8,15807.95,15811.5,0
82,1655183220,89.1,22.12,177.35,72.3,149.45,58.25,124.5,47.0,102.2,37.55,82.75,29.9,66.05,24.0,52.3,19.1,40.7,15.45,31.45,12.55,24.6,10.4,19.15,8.8,15.1,15810.7,15813.4,15809.8,15812.5,0
83,1655183280,89.5,22.11,175.45,72.75,147.9,58.6,123.35,47.2,101.05,37.7,81.9,29.85,65.2,24.05,51.6,19.0,40.15,15.25,31.15,12.3,24.25,10.25,19.0,8.4,14.9,15811.95,15814.35,15810.45,15811.35,0
84,1655183340,92.45,22.14,170.15,75.35,143.2,60.8,118.8,48.95,97.1,39.2,78.25,31.1,62.05,25.05,48.9,19.8,37.9,15.85,29.3,12.85,22.8,10.55,17.9,8.7,14.0,15811.55,15813.2,15804.65,15804.65,0
85,1655183400,96.45,22.16,165.45,78.8,138.2,64.0,114.85,51.95,93.4,41.7,75.1,33.25,59.7,26.55,46.85,21.25,36.2,17.2,28.15,13.85,21.8,11.4,16.95,9.4,13.3,15804.3,15805.25,15792.45,15792.65,0
86,1655183460,95.75,22.18,166.25,78.25,139.45,63.35,115.8,51.25,94.55,41.15,75.65,32.8,60.2,26.45,47.1,21.05,36.5,17.05,28.3,13.8,21.8,11.3,17.0,9.45,13.4,15792.75,15795.1,15789.25,15794.35,0
87,1655183520,94.3,22.16,168.25,76.95,141.35,62.1,117.3,50.5,95.85,40.4,77.25,32.3,61.45,26.0,48.35,20.8,37.45,16.9,29.0,13.5,22.45,11.3,17.45,9.4,13.65,15795.9,15797.9,15793.35,15797.2,0
88,1655183580,88.6,22.14,176.95,72.05,149.25,58.25,124.5,46.95,101.75,37.45,82.45,29.7,65.95,24.0,52.0,18.95,40.6,15.4,31.45,12.6,24.45,10.35,19.05,8.75,14.9,15797.45,15814.1,15797.45,15813.7,0
89,1655183640,89.55,22.13,176.3,72.85,148.85,58.7,123.6,47.2,101.6,37.8,82.0,30.0,65.3,24.0,51.75,19.05,40.15,15.5,31.05,12.55,24.15,10.35,18.8,8.65,14.8,15814.25,15814.45,15809.8,15810.9,0
90,1655183700,93.0,22.13,171.4,75.75,144.5,61.15,120.25,49.4,98.2,39.55,79.35,31.6,63.2,25.5,49.9,20.2,38.65,16.25,29.95,13.1,23.2,10.85,18.0,9.1,14.25,15811.0,15811.95,15805.2,15805.2,0
91,1655183760,92.75,22.14,173.5,75.5,146.15,61.15,121.95,49.45,99.65,39.55,80.65,31.5,64.3,25.35,50.6,20.1,39.35,16.3,30.5,13.15,23.6,10.85,18.5,9.05,14.5,15804.05,15808.6,15804.05,15806.4,0
92,1655183820,93.4,22.15,172.0,76.3,144.95,61.6,120.85,49.8,98.75,39.8,79.8,31.75,63.4,25.35,50.1,20.15,38.6,16.3,29.9,13.15,23.15,10.9,18.1,9.1,14.2,15806.55,15807.4,15805.1,15805.65,0
93,1655183880,91.5,22.14,175.8,74.75,147.85,60.45,123.05,48.7,100.65,39.0,81.5,31.2,64.75,25.1,51.0,20.0,39.55,16.1,30.65,13.15,23.65,10.8,18.4,9.1,14.4,15806.05,15807.0,15801.6,15806.95,0
94,1655183940,90.1,22.13,177.7,73.5,149.7,59.2,125.05,47.75,102.3,38.05,82.9,30.3,66.15,24.45,52.1,19.4,40.35,15.7,31.25,12.8,24.1,10.5,18.75,8.9,14.75,15807.15,15811.85,15807.15,15810.2,0
95,1655184000,93.35,22.15,173.2,76.65,145.45,61.75,121.1,50.0,98.9,39.9,79.8,31.9,63.3,25.9,50.0,20.55,38.8,16.55,29.95,13.6,23.15,11.05,18.05,9.3,14.15,15810.75,15812.0,15800.6,15803.7,0
96,1655184060,94.2,22.18,172.75,77.05,145.45,62.55,121.25,50.7,98.8,40.55,79.8,32.45,63.4,26.1,50.0,20.8,38.7,16.8,29.75,13.65,23.0,11.2,18.05,9.45,14.15,15804.3,15805.55,15797.65,15803.45,0
97,1655184120,93.1,22.18,174.55,76.0,146.55,61.6,122.2,49.7,99.8,39.95,80.65,31.9,63.85,25.65,50.15,20.45,38.85,16.6,30.1,13.5,23.1,11.0,18.0,9.2,14.05,15803.6,15807.7,15803.55,15806.2,0
98,1655184180,90.2,22.15,178.2,73.8,150.0,59.7,125.0,48.4,102.6,38.65,82.95,30.85,65.75,24.85,51.8,19.7,40.1,16.05,31.1,13.05,24.05,10.85,18.7,9.1,14.6,15806.25,15813.0,15806.05,15812.4,0
99,1655184240,89.45,22.1,179.25,72.85,150.65,59.0,125.75,47.65,103.0,38.05,83.65,30.4,66.2,24.5,52.15,19.5,40.35,15.8,31.25,12.9,24.15,10.7,18.65,9.05,14.65,15812.05,15818.2,15809.9,15815.45,0
100,1655184300,91.0,22.12,177.6,73.95,149.2,59.9,124.2,48.6,101.55,39.0,82.0,31.1,65.2,25.05,51.4,19.95,39.7,16.2,30.85,13.15,23.7,10.9,18.5,9.15,14.35,15816.05,15816.1,15810.25,15814.05,0
101,1655184360,90.0,22.11,177.7,73.1,149.2,59.0,124.2,47.9,101.55,38.35,82.1,30.45,65.35,24.6,51.85,19.7,39.85,15.9,30.75,12.9,23.75,10.65,18.45,9.05,14.45,15813.9,15816.05,15811.75,15814.25,0
102,1655184420,90.7,22.13,176.95,74.3,148.6,59.85,124.0,48.45,101.4,38.9,81.8,30.9,65.0,24.95,51.05,20.0,39.4,16.2,30.55,13.2,23.6,10.85,18.3,9.2,14.25,15813.35,15814.7,15809.85,15811.85,0
103,1655184480,88.1,22.1,181.0,71.85,152.35,57.85,127.15,47.05,104.1,37.45,84.35,30.0,66.9,24.25,52.9,19.3,40.75,15.6,31.45,12.7,24.35,10.5,18.7,8.8,14.6,15812.6,15818.25,15810.7,15816.5,0
104,1655184540,90.55,22.11,176.2,73.9,147.9,59.55,123.0,48.2,100.6,38.55,80.9,31.0,64.3,24.9,50.55,19.85,38.95,16.05,30.15,13.0,23.25,10.75,17.85,9.0,13.95,15817.55,15817.55,15812.75,15813.5,0
105,1655184600,91.55,22.12,174.25,74.9,146.25,60.55,121.4,48.95,99.3,39.15,80.05,31.3,63.45,25.3,49.7,20.15,38.45,16.3,29.6,13.2,22.8,10.95,17.55,9.15,13.7,15813.15,15814.9,15809.65,15810.7,0
106,1655184660,82.55,21.93,183.85,66.85,155.5,53.9,129.35,43.25,106.05,34.4,85.95,27.6,68.25,22.15,53.85,17.65,41.8,14.35,32.1,11.7,24.65,9.75,19.0,8.25,14.65,15811.75,15827.75,15811.05,15823.7,0
107,1655184720,81.5,21.95,185.8,65.8,156.7,53.0,130.75,42.5,107.25,34.0,86.75,27.1,68.75,21.9,54.75,17.3,42.3,14.05,32.7,11.55,25.15,9.65,19.3,8.15,14.9,15824.2,15830.05,15823.2,15827.35,0
108,1655184780,79.2,21.96,189.65,64.25,159.6,51.4,133.35,41.25,109.55,32.8,88.45,26.25,70.45,21.0,55.65,16.75,43.0,13.6,33.3,11.25,25.3,9.3,19.5,7.9,15.05,15827.35,15835.65,15827.25,15833.85,0
109,1655184840,80.0,21.98,188.4,64.6,158.85,51.7,132.45,41.55,108.75,32.95,87.7,26.55,69.85,21.25,55.15,16.95,42.45,13.7,32.85,11.3,25.1,9.35,19.45,7.9,14.95,15834.7,15840.25,15833.3,15835.75,0
110,1655184900,78.55,21.96,190.9,63.55,160.95,50.65,134.1,40.75,110.4,32.35,89.15,25.85,71.0,20.65,55.95,16.55,43.15,13.4,33.35,11.05,25.45,9.25,19.6,7.8,15.1,15834.8,15837.15,15832.85,15836.15,0
111,1655184960,79.25,21.92,190.8,63.9,161.3,51.3,134.85,41.25,110.7,32.7,89.45,26.05,71.55,21.0,56.4,16.65,43.35,13.45,33.6,11.1,25.6,9.1,19.85,7.7,15.2,15837.4,15838.9,15835.55,15838.4,0
112,1655185020,79.0,21.9,191.2,63.8,161.6,51.1,135.05,41.3,110.85,32.85,89.65,26.1,71.65,20.9,56.45,16.55,43.8,13.4,33.7,11.0,25.75,9.1,19.85,7.7,15.35,15838.8,15840.7,15837.85,15838.5,0
113,1655185080,76.95,21.9,194.05,61.9,164.5,49.6,137.85,39.55,113.35,31.65,92.35,25.25,73.65,20.3,58.35,16.2,45.35,13.05,35.0,10.85,26.85,9.05,20.7,7.55,15.9,15838.25,15847.95,15838.1,15846.05,0
114,1655185140,79.75,21.91,189.4,64.55,159.6,51.7,133.25,41.55,109.25,33.15,88.75,26.45,70.7,21.25,55.85,16.95,43.25,13.6,33.5,11.2,25.65,9.35,19.6,7.85,15.25,15845.45,15846.25,15838.25,15838.6,0
115,1655185200,78.85,21.94,189.65,63.7,160.2,51.2,133.95,41.15,109.75,32.85,89.15,26.2,71.1,21.1,55.85,16.7,43.4,13.55,33.25,11.15,25.5,9.25,19.55,7.8,15.15,15838.2,15839.45,15834.6,15838.6,0
116,1655185260,76.6,21.97,194.25,61.85,164.35,49.6,137.35,39.8,113.0,31.85,91.85,25.35,73.45,20.35,58.0,16.25,44.95,13.15,34.55,10.95,26.55,9.1,20.4,7.85,15.8,15838.75,15841.65,15837.95,15841.65,0
117,1655185320,75.35,21.96,194.9,60.95,164.9,48.8,137.95,39.05,113.45,31.0,92.2,24.75,73.75,19.8,58.3,15.85,45.05,12.75,34.8,10.6,26.7,8.9,20.6,7.7,15.95,15841.65,15844.8,15840.85,15842.8,0
118,1655185380,74.3,21.95,196.25,59.95,166.35,47.85,139.15,38.5,114.4,30.65,92.75,24.5,74.1,19.65,58.45,15.8,45.15,12.7,34.85,10.5,26.65,8.95,20.55,7.65,15.8,15842.6,15848.45,15842.6,15845.15,0
119,1655185440,73.75,21.92,198.8,59.5,168.2,47.5,140.65,38.05,115.6,30.1,93.9,23.95,75.0,19.2,59.25,15.35,45.85,12.35,35.45,10.25,27.05,8.6,20.8,7.4,16.1,15845.3,15852.9,15845.3,15849.1,0
120,1655185500,71.5,21.93,203.45,57.75,172.65,46.2,144.35,37.0,119.0,29.5,96.85,23.3,77.35,18.85,61.2,15.1,47.6,12.15,36.65,10.15,28.05,8.5,21.55,7.4,16.6,15849.9,15855.75,15849.9,15854.0,0
121,1655185560,73.25,21.93,202.45,59.3,171.3,47.4,143.7,38.05,118.65,30.35,96.6,24.15,77.35,19.35,61.1,15.55,47.45,12.65,36.7,10.5,27.95,8.7,21.5,7.5,16.5,15855.0,15858.0,15852.8,15852.9,0
122,1655185620,74.4,21.93,199.65,60.3,168.9,48.45,141.3,39.0,116.35,31.05,94.75,24.65,75.65,19.85,60.05,15.8,46.35,12.95,35.85,10.55,27.25,8.9,21.1,7.65,16.3,15853.9,15857.4,15848.35,15848.75,0
123,1655185680,72.35,21.92,203.1,58.7,172.55,47.0,144.45,38.05,118.9,30.2,97.0,24.15,77.6,19.3,61.0,15.45,47.25,12.6,36.5,10.45,27.9,8.75,21.35,7.6,16.4,15848.8,15852.85,15847.8,15852.5,0
124,1655185740,73.55,21.91,200.15,59.45,170.5,47.8,142.7,38.4,117.1,30.6,95.55,24.45,76.0,19.55,60.0,15.7,46.3,12.75,35.75,10.45,27.3,8.8,20.85,7.55,16.1,15852.9,15856.1,15852.1,15852.95,0
125,1655185800,74.65,21.92,199.35,60.45,168.3,48.5,140.7,39.1,115.8,31.05,94.1,24.75,74.9,19.9,58.9,15.9,45.55,12.95,35.1,10.6,26.8,8.95,20.6,7.55,15.75,15853.55,15853.65,15849.25,15852.35,0
126,1655185860,75.5,21.93,194.15,61.4,163.85,49.2,136.6,39.55,111.95,31.55,90.65,25.0,72.05,20.05,56.55,15.9,43.6,13.0,33.45,10.7,25.45,9.0,19.6,7.7,15.05,15852.15,15853.95,15844.75,15844.75,0
127,1655185920,76.85,21.93,191.05,62.35,161.2,50.05,134.1,40.3,109.75,32.2,88.65,25.6,70.45,20.5,55.05,16.45,42.3,13.4,32.35,11.1,24.85,9.35,18.9,8.0,14.55,15844.4,15847.35,15839.85,15840.05,0
128,1655185980,75.9,21.93,194.3,61.35,163.7,49.3,136.35,39.8,111.65,31.75,90.25,25.3,71.65,20.3,56.3,16.3,43.3,13.3,33.2,10.95,25.25,9.3,19.4,8.0,14.9,15840.3,15843.9,15840.3,15841.3,0
129,1655186040,74.95,21.91,195.8,60.3,165.5,48.5,138.5,38.9,113.5,30.95,91.85,24.55,73.1,19.6,57.2,15.75,44.35,12.8,34.15,10.55,25.9,8.95,19.8,7.75,15.25,15841.45,15845.45,15841.0,15845.0,0
130,1655186100,75.3,21.92,196.0,60.9,165.35,48.9,137.75,39.3,112.8,31.3,91.25,24.85,72.45,19.8,56.7,15.9,43.75,12.8,33.6,10.65,25.6,8.9,19.5,7.6,14.95,15845.1,15845.1,15842.55,15843.65,0
131,1655186160,74.5,21.92,196.65,60.1,165.95,48.1,138.15,38.6,113.2,30.8,91.75,24.4,72.85,19.45,57.15,15.55,44.0,12.65,33.75,10.45,25.75,8.75,19.7,7.55,15.1,15843.0,15846.5,15842.55,15844.85,0
132,1655186220,74.7,21.93,196.35,60.4,165.6,48.35,138.2,38.8,113.7,30.85,92.05,24.55,73.1,19.55,57.3,15.6,44.2,12.7,33.75,10.4,25.85,8.75,19.7,7.5,15.15,15845.85,15848.3,15844.15,15844.25,0
133,1655186280,75.85,21.93,194.4,61.6,164.3,49.3,136.95,39.7,112.4,31.6,90.75,25.25,72.05,20.15,56.5,16.05,43.4,13.1,33.3,10.7,25.5,9.0,19.35,7.6,14.85,15844.4,15845.95,15842.6,15842.8,0
134,1655186340,78.8,21.91,188.15,63.8,157.8,51.2,131.5,41.2,107.05,33.0,86.25,26.2,68.2,21.0,53.45,16.95,41.0,13.75,31.5,11.3,24.0,9.55,18.25,8.15,14.1,15843.55,15843.55,15831.65,15834.1,0
135,1655186400,75.8,21.91,191.25,61.3,161.9,49.05,133.9,39.2,109.9,31.4,88.7,24.9,70.15,19.9,55.2,16.05,42.4,13.0,32.55,10.8,24.8,9.15,18.95,7.8,14.65,15834.1,15841.0,15833.85,15840.45,0
136,1655186460,73.3,21.91,197.0,59.25,166.7,47.6,139.1,38.2,114.25,30.4,92.45,24.1,73.8,19.15,57.9,15.35,44.8,12.45,34.35,10.25,26.35,8.75,20.15,7.55,15.4,15840.3,15851.9,15840.3,15851.0,0
137,1655186520,72.75,21.92,199.35,58.6,168.75,46.85,140.8,37.7,115.9,30.1,93.9,23.9,74.6,19.0,58.75,15.3,45.35,12.4,34.8,10.3,26.7,8.75,20.3,7.5,15.55,15850.65,15854.35,15849.8,15852.5,0
138,1655186580,72.6,21.9,198.0,58.55,167.9,46.6,140.85,37.5,115.55,29.95,93.65,23.55,74.3,19.0,58.55,15.2,45.2,12.3,34.75,10.25,26.55,8.8,20.35,7.5,15.6,15852.8,15856.7,15850.6,15850.6,0
139,1655186640,73.95,21.9,196.6,59.4,166.2,47.7,138.35,38.3,113.8,30.35,92.1,24.25,73.2,19.2,57.3,15.4,44.2,12.45,33.95,10.35,25.95,8.8,19.95,7.55,15.25,15850.8,15851.5,15845.35,15846.55,0
140,1655186700,76.3,21.9,192.75,61.6,162.45,49.2,135.05,39.35,110.8,31.5,89.5,24.75,71.0,19.75,55.6,15.85,42.8,12.8,32.95,10.55,25.1,8.85,19.3,7.6,14.7,15846.25,15846.75,15842.85,15842.85,0
141,1655186760,75.95,21.91,194.8,61.3,164.55,49.25,137.25,39.55,112.5,31.45,90.85,25.0,72.2,19.95,56.6,15.9,43.6,12.9,33.6,10.6,25.65,9.05,19.6,7.75,15.0,15842.5,15846.7,15841.95,15843.35,0
142,1655186820,76.3,21.91,194.4,61.65,164.0,49.4,136.55,39.8,112.2,31.7,90.75,25.05,71.85,19.95,56.25,16.1,43.35,12.9,33.2,10.6,25.4,9.05,19.45,7.7,14.8,15843.25,15845.25,15839.3,15842.9,0
143,1655186880,76.9,21.9,194.0,62.15,163.8,49.95,136.0,40.15,111.6,32.0,90.0,25.25,71.45,20.25,55.9,16.2,43.0,13.1,33.1,10.7,25.25,9.05,19.25,7.75,14.7,15841.4,15845.45,15839.7,15841.8,0
144,1655186940,76.95,21.89,192.2,62.1,162.25,49.8,134.8,39.95,110.55,32.0,89.2,25.45,70.55,20.35,55.25,16.2,42.5,13.2,32.5,10.85,24.9,9.1,19.0,7.7,14.65,15842.0,15842.3,15838.35,15839.05,0
145,1655187000,77.8,21.89,191.3,62.75,161.55,50.35,134.25,40.6,110.0,32.35,88.55,25.75,70.4,20.55,55.0,16.6,42.35,13.4,32.35,11.05,24.8,9.35,19.0,7.9,14.55,15839.1,15839.3,15836.0,15837.45,0
146,1655187060,76.3,21.88,193.0,61.45,162.35,49.1,135.3,39.45,111.1,31.45,89.85,25.1,70.95,19.95,55.9,16.05,42.7,12.95,32.8,10.7,25.1,9.05,19.15,7.7,14.7,15837.7,15841.9,15836.65,15841.0,0
147,1655187120,77.3,21.9,190.35,62.9,160.35,50.0,133.65,40.55,109.55,32.25,88.55,25.7,70.5,20.55,55.05,16.45,42.35,13.35,32.3,10.9,24.8,9.3,18.9,7.95,14.6,15840.6,15840.6,15837.6,15838.4,0
148,1655187180,79.55,21.93,186.8,64.4,157.75,51.65,130.75,41.55,106.9,33.25,85.7,26.4,67.9,21.0,53.1,16.8,40.75,13.65,31.3,11.25,23.9,9.4,18.25,8.05,14.05,15837.15,15838.3,15833.15,15833.2,0
149,1655187240,79.5,21.93,187.4,64.3,157.95,51.35,131.0,41.4,107.2,33.05,86.75,26.3,68.4,20.95,53.3,16.75,41.2,13.55,31.3,11.25,23.9,9.45,18.5,8.0,14.15,15833.0,15836.55,15832.9,15833.2,0
150,1655187300,82.0,21.96,182.7,66.1,153.65,53.1,126.55,42.8,103.45,34.25,82.85,27.2,65.25,21.7,50.95,17.4,39.15,14.05,29.95,11.55,22.8,9.75,17.6,8.2,13.6,15833.05,15833.85,15823.9,15828.05,0
151,1655187360,82.4,21.92,181.4,66.7,152.6,53.55,126.3,43.35,102.85,34.55,82.35,27.45,65.35,21.85,50.7,17.55,38.9,14.05,29.65,11.55,22.85,9.75,17.4,8.3,13.5,15828.15,15831.85,15827.05,15827.3,0
152,1655187420,78.3,21.9,188.0,63.2,157.65,50.5,130.95,40.65,106.9,32.5,85.9,25.8,67.95,20.55,53.2,16.5,40.9,13.45,31.3,11.05,23.95,9.35,18.25,8.0,14.0,15827.4,15833.15,15827.05,15833.05,0
153,1655187480,79.1,21.89,187.65,63.65,157.7,51.3,130.75,41.3,106.65,32.95,86.15,26.25,68.05,20.95,53.3,16.75,40.85,13.55,31.3,11.15,23.8,9.35,18.2,8.05,14.15,15833.6,15833.95,15830.6,15833.65,0
154,1655187540,79.8,21.9,185.05,64.35,155.65,51.55,128.9,41.4,105.65,33.1,84.8,26.3,67.1,20.95,52.45,16.85,40.15,13.55,30.75,11.1,23.55,9.4,18.0,7.95,13.9,15833.5,15834.75,15830.25,15831.05,0
155,1655187600,80.5,21.89,182.95,65.0,154.15,52.2,127.95,42.1,104.55,33.6,83.95,26.8,66.25,21.3,51.45,17.05,39.2,13.75,30.05,11.3,22.9,9.5,17.5,8.05,13.5,15831.05,15833.35,15827.0,15827.3,0
156,1655187660,81.25,21.9,182.2,66.05,153.3,52.95,126.5,42.6,103.1,34.0,82.8,27.0,65.25,21.65,50.9,17.3,38.75,13.95,29.65,11.4,22.6,9.6,17.2,8.2,13.35,15827.8,15829.15,15826.95,15827.4,0
157,1655187720,80.0,21.89,184.5,64.8,154.75,51.9,128.05,41.9,104.7,33.55,84.25,26.7,66.25,21.3,51.55,16.95,39.45,13.75,30.35,11.3,23.0,9.5,17.65,8.0,13.5,15827.5,15831.3,15827.2,15829.5,0
158,1655187780,81.5,21.9,183.3,66.0,153.4,53.1,127.05,42.6,104.05,34.1,83.6,27.0,66.1,21.6,51.3,17.35,39.4,13.95,30.0,11.45,22.8,9.7,17.35,8.2,13.35,15829.55,15830.75,15826.05,15827.5,0
159,1655187840,82.6,21.92,179.9,66.8,150.7,53.8,124.75,43.35,101.65,34.75,81.6,27.65,64.4,22.1,49.85,17.7,38.0,14.3,29.15,11.75,22.1,9.8,16.85,8.3,12.95,15827.5,15827.5,15823.15,15823.5,0
160,1655187900,83.85,21.92,178.4,68.1,149.35,54.95,123.75,44.5,100.45,35.5,80.3,28.35,63.1,22.85,49.15,18.4,37.3,14.95,28.45,12.3,21.5,10.35,16.5,8.8,12.6,15823.8,15824.0,15818.05,15821.35,0
161,1655187960,80.8,21.93,183.0,65.45,153.6,52.65,127.2,42.5,103.85,33.7,83.5,26.9,66.0,21.55,51.35,17.45,39.05,14.05,30.0,11.7,22.7,9.85,17.4,8.4,13.35,15821.25,15827.25,15819.75,15826.7,0
162,1655188020,80.05,21.93,184.3,64.9,155.25,52.0,128.85,41.8,105.0,33.45,84.5,26.5,66.8,21.15,52.0,16.95,39.8,13.6,30.5,11.2,23.25,9.4,17.75,8.0,13.6,15827.1,15832.15,15827.1,15830.6,0
163,1655188080,82.7,21.95,179.5,67.05,150.45,53.85,124.35,43.55,101.45,34.75,81.15,27.55,64.0,22.0,49.75,17.65,38.0,14.05,29.05,11.7,22.0,9.7,16.85,8.25,12.95,15830.35,15830.7,15824.2,15824.25,0
164,1655188140,85.45,21.95,173.15,69.65,144.9,55.95,119.35,45.15,96.85,36.25,76.85,28.8,60.65,23.05,47.25,18.2,35.65,14.95,27.25,12.2,20.65,10.2,15.65,8.65,12.15,15824.05,15824.05,15815.5,15816.2,0
165,1655188200,85.6,21.94,175.0,69.65,146.0,56.0,120.65,45.05,98.1,36.2,78.25,28.6,61.6,22.9,47.8,18.45,36.2,14.85,27.65,12.2,21.0,10.25,16.1,8.55,12.35,15816.1,15818.7,15815.3,15816.1,0
166,1655188260,85.2,21.94,174.75,69.05,146.6,55.35,120.8,44.6,98.0,35.65,78.5,28.3,61.7,22.6,48.0,18.0,36.45,14.5,27.9,11.9,21.1,10.0,16.15,8.55,12.5,15816.35,15817.15,15813.7,15815.45,0
167,1655188320,82.25,21.94,178.6,66.1,150.4,53.2,124.2,42.65,101.2,34.2,81.2,27.1,64.0,21.6,49.85,17.35,38.1,14.0,28.95,11.5,22.2,9.8,16.85,8.15,13.0,15815.8,15824.0,15813.75,15823.4,0
168,1655188380,81.35,21.94,180.3,65.9,151.3,52.75,125.35,42.45,102.1,33.75,82.0,26.85,64.5,21.3,50.35,17.05,38.65,13.75,29.6,11.25,22.55,9.45,17.15,8.0,13.2,15823.25,15829.1,15823.15,15827.5,0
169,1655188440,81.15,21.92,182.55,65.6,152.95,52.45,126.8,42.35,103.5,33.75,83.45,26.75,65.8,21.1,51.25,16.95,39.3,13.65,30.2,11.15,22.9,9.3,17.5,7.95,13.45,15827.15,15829.3,15820.25,15829.05,0
170,1655188500,81.95,21.95,180.3,66.4,151.3,53.2,125.65,42.7,102.25,34.0,82.2,27.0,64.9,21.35,50.55,17.05,38.65,13.65,29.5,11.3,22.5,9.4,17.25,8.0,13.25,15828.7,15829.5,15823.35,15825.55,0
171,1655188560,82.9,21.96,178.7,67.0,150.0,53.9,124.0,43.3,101.2,34.45,81.25,27.2,64.0,21.7,49.85,17.4,38.0,13.9,29.1,11.4,22.05,9.55,16.9,8.05,13.0,15825.3,15825.35,15822.3,15822.75,0
172,1655188620,84.15,21.97,176.7,68.05,147.85,54.7,122.35,44.0,99.5,35.15,79.7,27.9,62.8,22.2,48.95,17.65,37.15,14.25,28.35,11.55,21.6,9.7,16.55,8.0,12.65,15822.9,15823.1,15820.15,15821.25,0
173,1655188680,85.4,22.0,173.55,69.15,144.9,55.35,119.9,44.45,97.35,35.6,77.25,28.15,61.2,22.3,47.4,17.7,36.2,14.15,27.75,11.5,21.0,9.65,16.05,8.1,12.45,15821.2,15821.35,15816.55,15817.85,0
174,1655188740,86.0,22.01,171.55,69.55,143.5,55.95,118.7,44.85,96.05,35.95,76.55,28.3,60.2,22.5,46.85,18.05,35.5,14.45,27.15,11.7,20.6,9.8,15.7,8.2,12.1,15817.7,15819.3,15815.9,15815.95,0
175,1655188800,85.55,22.02,173.2,69.25,144.9,55.7,119.7,44.9,97.3,35.7,77.65,28.2,61.1,22.4,47.6,17.8,36.25,14.3,27.75,11.65,21.1,9.75,16.2,8.15,12.4,15816.35,15817.8,15811.6,15816.8,0
176,1655188860,83.45,21.99,177.05,67.4,148.0,54.1,122.35,43.35,99.75,34.6,79.9,27.3,62.9,21.65,48.95,17.3,37.45,13.95,28.6,11.4,21.7,9.55,16.5,8.05,12.8,15816.3,15824.0,15815.9,15823.3,0
177,1655188920,81.5,21.98,179.95,65.95,151.25,52.65,125.1,42.25,102.35,33.55,81.9,26.45,64.75,21.05,50.35,16.7,38.5,13.6,29.55,11.1,22.4,9.3,17.1,7.9,13.05,15823.7,15827.9,15821.4,15826.6,0
178,1655188980,80.95,21.97,181.15,65.2,152.5,52.2,126.1,41.8,102.75,33.35,82.45,26.35,65.35,21.0,50.7,16.7,38.85,13.5,29.75,11.1,22.6,9.25,17.2,7.9,13.2,15826.75,15831.0,15826.75,15829.85,0
179,1655189040,83.05,21.99,176.9,67.3,148.55,53.8,123.0,43.2,99.9,34.35,80.05,27.2,63.25,21.6,49.15,17.25,37.4,13.95,28.7,11.45,21.7,9.6,16.6,8.1,12.75,15829.65,15829.8,15822.25,15822.9,0
180,1655189100,84.85,21.99,175.5,68.95,147.15,55.35,121.25,44.45,98.8,35.45,79.2,28.15,62.4,22.35,48.55,17.8,37.05,14.3,28.35,11.55,21.55,9.7,16.4,8.15,12.6,15822.9,15823.45,15819.85,15820.1,0
181,1655189160,82.4,21.99,179.7,66.8,150.65,53.35,124.5,42.95,101.4,34.15,81.55,27.0,64.6,21.65,50.05,17.25,38.25,13.95,29.15,11.45,22.3,9.6,17.0,8.0,13.05,15820.3,15824.2,15820.25,15823.0,0
182,1655189220,81.3,21.99,180.9,65.85,152.1,52.85,126.05,42.5,102.95,33.9,82.7,26.95,65.45,21.4,50.85,17.15,38.95,13.8,29.7,11.4,22.65,9.45,17.15,8.0,13.2,15823.3,15825.5,15822.45,15824.8,0
183,1655189280,81.1,21.99,182.25,65.7,153.0,52.75,126.85,42.65,103.35,33.7,83.1,26.75,65.8,21.3,51.05,17.05,38.95,13.65,29.9,11.2,22.55,9.45,17.05,8.0,13.1,15825.05,15826.85,15823.3,15826.1,0
184,1655189340,82.9,21.99,179.15,67.1,150.5,53.9,124.45,43.35,101.65,34.4,81.8,27.35,64.3,21.8,50.05,17.4,38.2,13.95,29.05,11.35,22.05,9.45,16.75,7.95,12.9,15826.25,15826.65,15821.85,15821.85,0
185,1655189400,85.85,22.03,173.15,70.05,144.6,56.05,119.8,45.25,97.1,35.95,77.75,28.45,61.1,22.6,47.45,17.95,36.15,14.4,27.35,11.75,20.8,9.75,15.8,8.2,12.1,15821.75,15822.95,15811.95,15811.95,0
186,1655189460,89.55,22.06,167.5,72.95,139.65,58.65,115.0,47.4,93.15,37.9,74.35,30.0,58.45,23.85,45.2,18.95,34.45,15.05,26.05,12.35,19.75,10.25,15.0,8.5,11.6,15811.2,15813.0,15806.1,15806.5,0
187,1655189520,93.9,22.1,160.5,76.85,133.25,61.95,109.0,50.3,87.9,40.05,69.55,31.8,54.55,25.45,41.8,20.4,31.55,16.25,23.85,13.35,18.0,11.0,13.7,9.15,10.55,15806.75,15806.75,15794.15,15794.15,0
188,1655189580,95.55,22.06,158.3,78.1,131.05,63.35,107.3,51.3,86.15,41.15,68.05,33.0,53.0,26.4,40.55,21.1,30.6,17.1,23.15,14.0,17.4,11.7,13.3,9.8,10.3,15793.25,15794.7,15787.4,15788.0,0
189,1655189640,97.5,22.08,154.1,79.9,126.9,64.7,103.75,52.7,83.35,42.15,66.05,33.75,51.15,27.2,39.25,21.5,29.6,17.7,22.65,14.3,17.15,12.0,13.2,9.95,10.15,15788.15,15788.15,15777.65,15781.8,0
190,1655189700,99.2,22.11,152.1,81.35,125.45,65.85,102.8,53.45,82.5,42.75,65.2,34.25,50.65,27.35,38.85,21.7,29.2,17.5,22.2,14.3,16.85,11.8,12.9,9.95,9.95,15780.45,15787.1,15777.8,15778.95,0
191,1655189760,97.5,22.04,154.5,79.45,128.2,64.3,104.6,52.0,83.6,41.5,66.0,33.05,51.3,26.5,39.3,21.2,29.45,17.0,22.3,13.85,16.9,11.55,12.9,9.75,9.9,15779.5,15785.0,15774.85,15783.85,0
192,1655189820,98.6,22.07,153.85,80.45,127.1,65.0,104.2,52.25,83.1,42.1,65.5,33.55,50.75,26.75,39.05,21.1,29.35,17.1,22.25,13.7,16.85,11.4,12.9,9.5,9.9,15784.0,15784.05,15776.3,15779.2,0
193,1655189880,103.35,22.07,147.3,84.6,121.65,68.65,98.5,55.3,78.7,44.5,61.75,35.5,47.85,28.35,36.55,22.6,27.25,18.1,20.7,14.7,15.8,12.1,12.05,10.1,9.3,15778.95,15781.35,15771.45,15772.4,0
194,1655189940,99.75,22.04,152.5,81.4,125.8,66.05,102.6,53.3,82.35,42.6,64.75,34.05,50.25,27.15,38.5,21.65,28.95,17.55,21.85,14.25,16.7,11.8,12.75,9.85,9.75,15771.9,15780.5,15770.5,15779.85,0
195,1655190000,99.5,22.03,152.5,81.15,126.6,65.7,103.3,53.0,82.9,42.7,65.5,33.75,51.15,26.9,39.2,21.45,29.3,17.35,22.3,14.05,17.0,11.6,13.0,9.65,10.0,15779.1,15779.5,15771.4,15779.15,0
196,1655190060,100.1,22.07,151.55,81.6,125.65,66.1,102.25,53.5,82.55,42.6,64.8,33.9,50.35,27.1,38.8,21.35,28.9,17.2,22.05,13.95,16.8,11.45,12.85,9.5,9.95,15778.7,15784.85,15778.7,15780.3,0
197,1655190120,97.15,22.05,154.2,78.9,128.0,63.65,104.5,51.55,83.55,40.85,66.15,32.6,51.65,25.75,39.55,20.45,29.95,16.45,22.6,13.25,17.2,11.0,13.15,9.15,10.15,15780.75,15789.7,15780.75,15787.0,0
198,1655190180,99.75,22.07,151.65,81.45,125.7,65.6,102.35,53.0,82.2,42.45,65.05,33.6,50.5,26.75,38.65,21.25,29.1,16.95,22.25,13.7,16.8,11.25,12.85,9.4,9.9,15787.2,15788.3,15778.15,15781.65,0
199,1655190240,99.9,22.1,151.0,81.3,124.95,65.8,101.9,53.25,81.6,42.5,64.25,33.65,50.2,26.8,38.5,21.3,29.05,17.05,22.0,13.8,16.7,11.35,12.8,9.55,9.85,15781.05,15782.45,15776.85,15778.95,0
200,1655190300,98.5,22.1,153.25,80.15,126.65,65.0,103.45,52.15,82.95,41.9,65.25,33.2,50.85,26.15,38.9,20.9,29.4,16.65,22.3,13.6,16.9,11.15,13.0,9.45,10.05,15779.55,15781.65,15776.95,15781.65,0
201,1655190360,97.7,22.09,154.6,79.65,128.25,64.1,104.55,52.0,84.0,41.4,66.3,32.8,51.65,26.0,39.55,20.6,29.8,16.55,22.6,13.4,17.2,11.1,13.2,9.25,10.15,15781.15,15784.35,15781.15,15784.05,0
202,1655190420,100.7,22.1,150.1,82.4,123.35,66.65,101.2,53.7,81.05,43.0,63.95,34.1,49.6,27.1,38.2,21.55,28.75,17.2,21.95,13.85,16.65,11.45,12.75,9.45,9.9,15784.7,15786.75,15778.3,15779.7,0
203,1655190480,100.1,22.16,151.05,82.0,124.9,66.25,102.0,53.75,81.45,43.2,64.2,34.3,49.8,27.45,38.0,22.05,28.6,17.55,21.8,14.3,16.55,11.8,12.8,9.8,9.85,15779.15,15779.15,15774.6,15777.75,0
204,1655190540,102.1,22.15,148.7,83.65,122.85,67.9,99.75,54.8,79.65,44.1,62.5,35.1,48.35,28.2,36.8,22.4,27.65,18.05,21.0,14.55,16.0,12.05,12.35,10.1,9.55,15777.55,15777.55,15773.4,15774.3,0
205,1655190600,101.4,22.16,149.5,83.0,123.25,67.1,100.1,53.8,80.25,43.45,62.95,34.65,48.7,27.7,37.15,22.2,28.0,17.75,21.3,14.4,16.2,11.9,12.6,10.05,9.65,15774.45,15780.75,15772.85,15777.2,0
206,1655190660,103.65,22.12,144.1,85.2,118.45,69.5,96.35,56.4,76.3,45.1,59.55,35.85,46.25,28.6,35.1,22.85,26.25,18.35,20.0,14.85,15.2,12.4,11.65,10.4,9.0,15777.2,15777.2,15765.2,15768.9,0
207,1655190720,102.95,22.08,145.55,84.4,119.15,68.45,97.1,55.6,77.05,44.55,60.05,35.6,46.6,28.4,35.2,22.75,26.55,18.35,20.1,14.8,15.3,12.35,11.75,10.35,9.0,15769.25,15770.65,15767.15,15769.6,0
208,1655190780,102.0,22.03,146.7,83.35,120.2,67.7,97.9,54.8,77.7,44.0,60.95,35.05,47.15,27.85,35.65,22.45,26.75,18.0,20.25,14.55,15.5,12.05,11.9,10.2,9.15,15769.25,15776.3,15768.1,15774.2,0
209,1655190840,104.0,22.06,145.5,85.3,119.2,68.9,97.1,55.95,77.0,44.95,60.15,35.65,46.55,28.6,35.5,22.6,26.7,18.1,20.4,14.75,15.5,12.2,11.9,10.2,9.25,15774.0,15774.4,15768.95,15769.4,0
210,1655190900,102.35,22.03,145.95,83.65,120.0,67.75,97.65,54.5,77.65,43.95,61.05,34.55,47.35,27.8,36.05,22.0,27.1,17.65,20.75,14.25,15.8,11.9,12.15,9.95,9.45,15769.75,15772.55,15767.5,15770.95,0
211,1655190960,107.1,22.03,138.95,88.0,114.0,71.0,92.05,57.75,73.25,46.5,57.2,36.95,44.25,29.45,33.5,23.65,25.2,18.9,19.15,15.45,14.65,12.8,11.25,10.55,8.7,15770.85,15770.85,15760.8,15760.8,0
212,1655191020,109.35,22.06,132.9,89.65,108.45,72.7,87.45,58.7,69.2,47.3,53.95,37.35,41.4,29.85,31.3,23.85,23.4,19.05,18.0,15.55,13.75,12.8,10.55,10.7,8.2,15760.6,15761.5,15751.8,15751.85,0
213,1655191080,108.7,22.07,133.35,89.15,108.6,72.2,87.75,58.3,69.55,46.7,53.75,37.1,41.55,29.65,31.4,23.4,23.45,18.8,17.9,15.2,13.6,12.55,10.5,10.5,8.1,15750.95,15757.45,15749.45,15753.65,0
214,1655191140,108.4,22.09,132.3,88.9,107.75,71.75,86.7,58.0,68.6,46.3,53.35,37.0,40.95,29.35,30.85,23.35,23.05,18.55,17.6,15.05,13.35,12.4,10.2,10.4,7.95,15753.95,15754.4,15749.45,15751.6,0
215,1655191200,113.7,22.07,124.8,93.3,101.1,75.1,81.05,60.8,63.75,48.65,49.4,38.5,37.7,30.6,28.35,24.3,21.25,19.35,16.15,15.7,12.35,12.8,9.55,10.65,7.45,15751.7,15751.75,15740.4,15740.4,0
216,1655191260,116.5,22.07,122.35,95.6,98.45,77.55,78.55,62.65,62.0,50.1,47.95,39.8,36.7,31.7,27.5,25.15,20.7,20.0,15.9,16.1,12.15,13.15,9.25,11.05,7.35,15741.75,15742.6,15736.75,15736.75,0
217,1655191320,114.45,22.07,123.9,93.9,100.8,75.75,81.0,61.4,63.85,49.1,49.6,38.9,37.9,30.8,28.5,24.45,21.45,19.5,16.5,15.6,12.5,12.8,9.65,10.65,7.65,15736.25,15741.0,15733.25,15738.6,0
218,1655191380,114.55,22.08,123.8,94.05,100.85,75.6,81.0,61.15,63.8,48.85,49.45,38.5,38.0,30.7,28.65,24.15,21.6,19.2,16.55,15.45,12.65,12.7,9.75,10.55,7.7,15738.45,15746.15,15737.5,15740.3,0
219,1655191440,111.75,22.06,126.0,91.6,103.1,73.9,82.9,59.8,65.4,47.4,50.65,37.45,39.0,29.7,29.5,23.45,22.15,18.65,16.95,15.0,12.8,12.3,10.0,10.15,7.85,15739.85,15748.4,15738.15,15747.05,0
220,1655191500,110.9,22.04,127.45,91.05,103.85,73.35,83.75,59.0,66.15,46.9,51.45,37.1,39.6,29.25,29.75,23.2,22.4,18.35,17.1,14.8,13.0,12.05,10.05,10.0,7.8,15746.8,15750.65,15745.25,15747.75,0
221,1655191560,114.25,22.07,122.8,93.8,99.5,75.6,79.7,60.85,62.8,48.6,48.55,38.35,37.0,30.5,27.8,24.05,20.85,19.1,15.95,15.35,12.2,12.5,9.45,10.35,7.4,15748.55,15748.55,15741.7,15741.7,0
222,1655191620,114.25,22.06,122.4,93.75,99.2,75.6,79.8,60.95,62.65,48.4,48.5,38.45,37.15,30.3,27.95,23.95,20.9,18.95,15.95,15.3,12.2,12.55,9.5,10.4,7.4,15741.15,15741.7,15737.6,15739.5,0
223,1655191680,119.0,22.06,118.2,98.0,95.75,79.2,76.2,64.3,59.55,51.3,45.9,40.7,35.0,32.4,26.15,25.3,19.55,20.2,14.85,16.15,11.4,13.15,8.85,10.85,6.95,15740.15,15740.15,15727.4,15728.9,0
224,1655191740,117.55,22.1,119.55,96.1,96.95,77.7,77.75,62.75,60.75,50.0,47.05,39.65,36.05,31.45,26.95,24.85,20.15,19.75,15.35,15.85,11.85,13.05,9.2,10.75,7.25,15729.3,15739.55,15729.25,15732.7,0
225,1655191800,117.95,22.13,120.25,96.65,97.7,78.25,78.0,63.25,61.3,50.3,47.5,39.95,36.45,31.5,27.25,25.0,20.4,19.75,15.5,15.85,12.05,13.0,9.3,10.75,7.3,15733.6,15733.85,15730.35,15730.85,0
226,1655191860,116.0,22.12,121.3,95.65,98.5,77.55,78.6,62.35,61.5,49.95,47.8,39.5,36.65,31.35,27.35,24.9,20.55,19.8,15.65,16.05,11.95,13.1,9.35,10.85,7.3,15730.35,15735.75,15723.25,15735.75,0
227,1655191920,114.0,22.12,123.25,94.0,100.25,75.9,80.5,61.25,63.15,48.8,48.65,38.7,37.2,30.6,27.9,24.1,20.95,19.1,15.9,15.4,12.2,12.55,9.5,10.5,7.4,15736.9,15739.15,15734.25,15737.6,0
228,1655191980,114.5,22.11,123.35,93.3,100.4,75.8,80.2,61.1,62.9,48.8,48.55,38.6,37.15,30.75,27.95,24.3,20.85,19.35,15.9,15.5,12.15,12.65,9.5,10.55,7.35,15736.85,15737.8,15734.95,15735.4,0
229,1655192040,109.0,22.04,126.9,89.1,103.0,71.8,83.05,57.65,65.6,45.6,50.75,36.3,39.0,28.7,29.3,22.75,21.95,18.1,16.75,14.55,12.85,11.85,9.85,9.8,7.65,15736.4,15746.7,15736.4,15745.9,0
230,1655192100,111.0,22.11,127.2,91.0,103.65,73.2,83.3,59.15,65.65,46.95,50.75,37.0,39.3,29.4,29.6,23.05,22.1,18.35,16.8,14.75,12.8,11.95,9.9,9.85,7.7,15744.9,15746.45,15737.95,15742.25,0
231,1655192160,112.6,22.09,125.45,92.2,102.4,74.45,82.5,60.0,64.5,47.9,50.2,37.85,38.5,30.05,28.85,23.7,21.65,18.85,16.4,14.95,12.5,12.2,9.65,10.1,7.55,15742.2,15743.75,15738.25,15738.9,0
232,1655192220,113.85,22.08,122.0,93.2,99.15,75.45,79.55,60.65,62.55,48.0,48.45,37.95,37.2,30.0,27.75,23.75,20.75,18.9,15.75,15.0,12.0,12.25,9.25,10.05,7.2,15739.0,15740.55,15737.4,15738.0,0
233,1655192280,115.6,22.13,120.3,94.7,97.0,76.7,77.75,61.95,60.9,49.4,47.15,39.0,36.0,30.9,26.9,24.5,20.2,19.4,15.2,15.6,11.55,12.7,8.95,10.6,7.0,15738.45,15740.9,15735.55,15736.0,0
234,1655192340,113.2,22.09,121.8,92.9,98.5,74.95,79.1,60.15,62.0,48.0,48.1,38.0,36.75,30.0,27.6,23.75,20.75,18.75,15.7,15.15,12.1,12.3,9.25,10.25,7.25,15735.25,15739.5,15734.55,15739.5,0
235,1655192400,110.9,22.07,123.7,90.5,100.0,72.85,80.3,58.6,63.25,46.6,49.25,36.65,37.95,29.05,28.25,22.85,21.3,18.2,16.15,14.7,12.35,11.9,9.45,10.0,7.35,15739.65,15744.65,15737.6,15743.25,0
236,1655192460,106.65,22.03,128.25,86.95,103.7,69.9,84.05,55.45,66.4,44.1,51.8,34.45,39.8,27.2,30.1,21.5,22.55,17.05,17.15,13.85,13.05,11.2,10.0,9.45,7.75,15742.75,15751.55,15742.75,15751.0,0
237,1655192520,105.15,22.06,129.8,85.7,105.7,68.7,85.7,54.7,67.8,43.1,53.0,33.65,41.0,26.3,31.05,20.55,23.3,16.05,17.7,12.8,13.45,10.45,10.25,8.7,8.0,15751.4,15755.0,15750.7,15753.2,0
238,1655192580,99.0,21.97,134.95,80.1,110.6,63.6,89.65,50.85,71.5,39.8,56.15,30.9,43.8,24.35,33.4,18.9,25.35,14.9,19.25,11.85,14.75,9.65,11.55,8.05,8.9,15752.95,15764.6,15752.95,15763.6,0
239,1655192640,93.5,21.92,142.75,75.25,117.7,59.75,96.0,47.25,76.75,36.95,60.5,28.55,47.25,22.45,36.2,17.3,27.5,13.6,21.15,10.9,16.1,8.85,12.45,7.5,9.6,15763.6,15778.8,15763.6,15776.4,0
240,1655192700,94.15,21.94,141.95,75.95,117.15,60.35,95.7,47.9,76.15,37.5,59.95,29.0,46.7,22.6,35.75,17.55,27.15,13.8,20.9,10.95,15.95,8.85,12.4,7.35,9.45,15777.65,15781.6,15773.05,15774.3,0
241,1655192760,96.25,21.97,140.75,77.8,116.1,62.1,94.35,49.35,75.15,38.65,59.75,30.0,46.1,23.55,35.25,18.2,26.65,14.3,20.3,11.3,15.5,9.2,11.9,7.55,9.15,15774.35,15775.95,15772.0,15772.0,0
242,1655192820,98.0,22.01,139.35,79.55,114.5,63.55,92.55,50.8,73.5,40.0,57.7,31.15,44.6,24.3,33.8,18.95,25.4,14.9,19.35,11.95,14.7,9.75,11.25,8.0,8.6,15772.2,15773.1,15766.15,15766.15,0
243,1655192880,95.45,21.99,142.65,77.4,117.85,61.7,95.9,49.05,76.35,38.5,60.05,30.1,46.65,23.55,35.6,18.35,26.75,14.45,20.4,11.6,15.6,9.4,11.95,7.85,9.15,15766.65,15773.95,15765.55,15773.5,0
244,1655192940,96.55,21.98,141.8,78.15,117.1,62.45,95.1,49.6,75.8,39.0,59.75,30.4,46.25,23.8,35.4,18.6,26.7,14.55,20.4,11.65,15.4,9.55,11.85,7.9,9.15,15773.05,15774.85,15770.45,15771.4,0
245,1655193000,96.65,21.99,143.4,78.3,118.45,62.5,96.3,49.8,76.95,39.4,60.6,30.8,47.05,24.1,35.95,18.85,27.05,14.85,20.6,11.8,15.8,9.7,12.0,8.0,9.25,15772.55,15772.55,15767.85,15770.75,0
246,1655193060,90.3,21.97,149.3,72.75,123.5,57.8,100.4,45.8,80.5,35.85,63.55,27.85,49.65,21.9,38.15,17.0,29.05,13.4,22.2,10.6,16.85,8.7,12.95,7.2,10.0,15770.9,15783.3,15770.55,15783.2,0
247,1655193120,89.3,21.89,151.9,71.9,125.1,56.9,102.0,45.15,82.05,35.35,64.65,27.45,50.7,21.5,38.95,16.7,29.65,13.05,22.7,10.3,17.3,8.45,13.2,7.0,10.25,15783.35,15789.3,15782.65,15786.15,0
248,1655193180,81.25,21.8,161.25,64.95,134.0,51.3,109.95,40.45,88.85,31.5,70.55,24.5,55.45,19.15,42.75,14.8,32.65,11.8,24.9,9.35,19.05,7.75,14.75,6.4,11.45,15786.7,15805.45,15786.7,15805.2,0
249,1655193240,85.45,21.81,157.7,68.3,130.55,54.05,106.75,43.0,85.65,33.65,67.55,26.2,53.0,20.5,40.5,15.95,30.8,12.55,23.5,9.95,18.0,8.2,13.7,6.75,10.6,15804.7,15804.8,15795.3,15795.3,0
250,1655193300,85.7,21.82,158.35,68.7,131.45,54.4,108.0,43.25,86.8,34.05,68.9,26.45,53.7,20.7,41.3,16.15,31.3,12.75,23.9,10.05,18.15,8.35,14.0,6.9,10.8,15796.1,15801.9,15796.1,15797.45,0
251,1655193360,88.05,21.87,153.6,70.7,126.95,56.2,103.75,44.75,83.2,35.05,65.95,27.4,51.05,21.55,38.95,16.8,29.4,13.25,22.5,10.55,17.0,8.65,13.1,7.0,10.1,15797.0,15799.8,15787.35,15788.8,0
252,1655193420,88.65,21.88,154.1,71.0,127.8,56.75,104.3,45.3,83.4,35.35,65.8,27.75,51.25,21.75,38.95,16.95,29.35,13.5,22.35,10.65,16.9,8.8,13.05,7.25,10.0,15787.7,15789.5,15786.0,15788.6,0
253,1655193480,87.15,21.85,157.4,69.75,130.4,55.7,106.4,44.05,85.55,34.65,67.35,27.2,52.65,21.4,40.2,16.8,30.3,13.25,23.0,10.6,17.5,8.75,13.4,7.3,10.3,15788.6,15793.4,15788.6,15791.95,0
254,1655193540,91.85,21.89,150.0,74.15,124.1,59.05,101.0,47.15,80.85,37.25,63.65,28.95,49.4,22.85,37.5,17.75,28.2,13.9,21.4,11.1,16.4,9.1,12.6,7.5,9.7,15791.95,15793.85,15781.55,15781.55,0
255,1655193600,94.0,21.87,148.05,76.05,122.0,61.0,99.4,48.5,79.35,38.35,62.35,30.0,48.45,23.7,36.75,18.45,27.55,14.55,20.85,11.7,15.8,9.5,12.1,7.85,9.4,15781.65,15787.15,15777.65,15778.15,0
256,1655193660,104.2,22.05,136.7,85.1,112.0,68.85,90.45,55.5,71.95,44.2,55.85,34.75,43.3,27.75,32.5,21.6,24.1,17.2,18.25,13.65,13.85,11.1,10.65,9.2,8.25,15778.85,15779.4,15763.85,15763.9,0
257,1655193720,105.95,22.04,131.0,86.7,107.0,69.8,86.0,56.25,68.0,44.95,52.8,35.55,40.4,28.0,30.3,22.0,22.7,17.5,17.2,14.1,13.05,11.5,10.0,9.5,7.75,15763.75,15766.75,15759.1,15759.25,0
258,1655193780,104.95,22.01,131.85,85.8,107.55,69.1,86.7,55.55,68.4,43.95,52.95,34.65,40.7,27.35,30.5,21.55,22.8,16.9,17.35,13.6,13.15,11.1,10.1,9.15,7.85,15759.1,15761.5,15756.0,15758.1,0
259,1655193840,103.95,21.99,133.65,84.45,109.05,68.0,88.05,54.5,69.85,42.9,54.0,34.0,41.6,26.8,31.25,21.05,23.15,16.6,17.6,13.3,13.4,10.8,10.2,8.9,7.95,15758.2,15765.7,15758.2,15762.85,0
260,1655193900,101.0,22.01,135.9,82.25,111.1,66.25,90.0,53.1,71.1,42.1,55.65,33.0,42.6,25.95,32.15,20.5,23.95,16.1,18.25,12.9,13.9,10.5,10.55,8.6,8.2,15762.8,15765.3,15759.95,15764.6,0
261,1655193960,103.85,22.03,133.65,84.7,108.85,68.0,87.9,54.4,69.3,43.2,54.05,33.95,41.45,26.65,31.2,20.85,23.25,16.4,17.75,12.95,13.4,10.55,10.3,8.6,8.0,15764.85,15765.75,15760.05,15762.45,0
262,1655194020,105.75,22.04,131.25,86.35,107.05,69.35,86.25,55.65,68.25,44.45,53.05,34.8,40.65,27.45,30.4,21.35,22.8,16.9,17.35,13.35,13.25,10.8,10.15,8.8,7.95,15762.25,15762.35,15756.95,15756.95,0
263,1655194080,103.15,22.04,133.5,84.25,108.9,67.75,88.1,54.55,69.8,43.25,54.1,33.8,41.45,26.8,31.05,20.75,23.1,16.4,17.55,13.05,13.3,10.6,10.2,8.7,7.9,15757.4,15759.95,15757.1,15759.2,0
264,1655194140,103.55,22.0,133.55,84.1,108.95,67.65,87.9,54.15,69.75,42.75,54.4,33.45,41.65,26.3,31.3,20.6,23.25,16.15,17.7,12.75,13.45,10.35,10.25,8.6,7.9,15760.1,15764.35,15760.1,15761.1,0
265,1655194200,102.7,22.0,134.0,83.95,109.25,67.0,88.6,53.6,70.15,41.95,54.4,33.0,42.15,25.8,31.5,20.0,23.75,15.75,18.1,12.45,13.7,10.1,10.5,8.35,8.05,15761.3,15762.35,15758.6,15761.15,0
266,1655194260,96.6,21.98,139.45,78.0,114.3,62.2,92.7,49.35,74.0,38.55,57.95,30.0,44.75,23.5,33.9,18.35,25.4,14.4,19.25,11.35,14.75,9.25,11.25,7.65,8.7,15761.35,15768.75,15759.55,15768.75,0
267,1655194320,95.6,21.94,141.45,77.15,116.05,61.6,94.15,48.8,75.45,38.4,59.4,29.8,46.15,23.35,34.95,18.15,26.2,14.25,20.1,11.25,15.25,9.1,11.75,7.5,9.1,15768.4,15778.3,15768.4,15772.55,0
268,1655194380,98.65,21.95,138.95,79.7,113.6,63.75,92.45,50.75,73.45,39.9,57.35,31.05,44.45,24.3,33.7,19.0,25.35,14.9,19.25,11.95,14.55,9.6,11.15,7.8,8.65,15771.8,15772.65,15766.85,15767.15,0
269,1655194440,101.0,22.02,135.6,82.15,111.05,65.85,89.6,52.7,71.25,41.4,55.45,32.55,42.7,25.5,32.35,19.9,24.3,15.55,18.4,12.45,14.0,10.1,10.75,8.35,8.2,15767.2,15767.2,15757.0,15762.25,0
270,1655194500,100.6,22.03,136.9,81.4,112.0,65.0,90.85,52.0,71.9,40.65,56.4,32.0,43.1,24.85,32.35,19.6,24.3,15.3,18.45,12.2,13.95,9.8,10.7,8.05,8.2,15762.55,15767.55,15759.15,15763.15,0
271,1655194560,100.85,21.99,136.1,81.7,111.55,65.65,90.4,52.25,71.85,41.15,56.05,32.25,43.2,25.25,32.5,19.65,24.4,15.4,18.5,12.25,14.0,9.9,10.7,8.1,8.25,15763.05,15767.55,15762.65,15762.75,0
272,1655194620,106.25,21.99,129.25,86.8,105.35,69.7,85.15,55.45,67.3,44.0,52.6,34.35,40.25,27.25,30.3,21.1,22.45,16.6,17.1,13.15,13.05,10.6,10.0,8.7,7.7,15762.95,15763.75,15752.15,15752.85,0
273,1655194680,108.4,22.01,126.65,88.45,103.45,71.05,83.35,56.6,65.85,45.0,51.0,35.25,39.0,27.65,29.45,21.65,21.85,16.85,16.75,13.4,12.6,10.85,9.7,8.85,7.5,15752.45,15755.9,15746.75,15746.75,0
274,1655194740,106.0,21.99,127.9,86.3,104.35,69.1,84.0,55.2,66.1,43.7,51.4,34.2,39.45,26.75,29.75,20.8,22.2,16.3,16.85,12.9,12.95,10.45,9.85,8.6,7.7,15746.75,15751.1,15745.75,15748.3,0
275,1655194800,106.4,21.97,126.0,86.65,102.25,69.2,82.2,55.2,64.7,43.8,50.25,34.1,38.3,26.75,28.8,20.85,21.55,16.3,16.4,13.0,12.6,10.55,9.6,8.75,7.5,15749.9,15750.8,15746.8,15747.05,0
276,1655194860,105.2,21.93,126.7,85.9,103.25,68.8,82.6,54.7,65.15,43.45,50.65,33.9,38.65,26.6,29.0,20.75,21.7,16.3,16.4,13.05,12.55,10.6,9.6,8.7,7.45,15747.65,15748.55,15741.0,15747.7,0
277,1655194920,102.0,21.9,130.2,82.35,106.1,66.05,85.65,52.45,67.15,41.5,52.15,32.45,39.85,25.35,29.95,19.75,22.4,15.5,17.0,12.3,13.0,10.0,10.0,8.3,7.75,15747.75,15759.0,15747.3,15755.45,0
278,1655194980,106.65,21.92,124.6,86.15,100.95,69.3,80.65,55.35,63.25,43.7,48.7,34.4,37.0,26.95,27.6,21.0,20.7,16.6,15.7,13.2,12.05,10.6,9.3,8.6,7.2,15755.1,15757.35,15747.25,15747.3,0
279,1655195040,102.95,21.88,127.3,83.2,103.25,66.7,82.65,53.1,65.2,41.9,50.2,32.7,38.15,25.7,28.55,20.05,21.25,15.75,16.0,12.4,12.25,10.1,9.3,8.15,7.3,15747.9,15757.35,15747.45,15752.35,0
280,1655195100,100.2,21.89,131.6,80.9,107.5,64.7,86.25,51.4,68.15,40.4,52.6,31.55,40.25,24.65,29.95,19.2,22.35,15.05,16.9,11.95,12.85,9.7,9.75,7.9,7.55,15753.05,15758.6,15750.85,15758.2,0
281,1655195160,102.1,21.89,129.65,82.65,105.75,66.1,85.0,52.6,66.7,41.25,51.6,32.25,39.5,25.25,29.4,19.7,22.05,15.3,16.75,12.1,12.8,9.75,9.8,7.95,7.55,15758.05,15761.45,15754.45,15755.9,0
282,1655195220,104.05,21.92,127.05,84.35,103.3,67.5,82.9,53.8,65.3,42.4,50.55,33.05,38.45,25.8,28.8,20.05,21.55,15.7,16.4,12.4,12.5,10.1,9.55,8.25,7.4,15756.1,15756.95,15751.75,15751.9,0
283,1655195280,105.4,21.92,126.8,85.4,103.05,68.3,82.45,54.75,64.7,43.0,50.1,33.75,38.2,26.6,28.55,20.6,21.35,16.2,16.2,12.75,12.35,10.4,9.45,8.5,7.35,15751.8,15752.05,15746.95,15748.5,0
284,1655195340,101.4,21.88,128.15,82.35,103.7,65.3,82.95,52.4,65.2,41.2,50.2,31.85,38.25,25.1,28.6,19.6,21.3,15.35,16.2,12.25,12.3,9.85,9.4,8.05,7.3,15748.3,15757.65,15748.3,15757.5,0
285,1655195400,107.0,21.93,122.25,87.0,98.6,69.75,78.15,55.3,61.4,43.95,47.15,34.25,35.95,26.85,26.7,20.75,19.95,16.25,15.2,12.85,11.65,10.4,9.0,8.45,7.0,15756.7,15756.75,15744.3,15744.3,0
286,1655195460,109.7,21.92,120.1,89.05,96.65,71.55,76.8,57.05,60.05,45.0,46.1,35.3,35.05,27.55,26.05,21.3,19.4,16.75,14.8,13.2,11.3,10.65,8.75,8.65,6.9,15744.5,15747.35,15739.9,15739.9,0
287,1655195520,104.3,21.89,125.8,84.25,101.65,67.35,81.3,53.85,63.55,42.5,49.1,33.7,37.45,26.1,27.85,20.3,20.85,15.9,15.75,12.55,12.15,10.1,9.25,8.4,7.15,15740.35,15748.3,15737.55,15746.75,0
288,1655195580,98.55,21.87,133.05,79.7,107.95,63.65,86.8,50.2,68.35,39.4,52.55,30.65,40.35,23.9,30.4,18.65,22.8,14.55,17.35,11.3,13.25,9.2,10.1,7.6,7.85,15747.85,15758.55,15747.85,15758.55,0
289,1655195640,103.5,21.93,128.2,83.65,103.85,67.0,83.25,53.15,65.4,41.8,50.45,32.55,38.5,25.7,28.8,19.8,21.6,15.55,16.5,12.15,12.5,9.8,9.5,7.9,7.5,15758.4,15758.45,15749.5,15750.4,0
290,1655195700,107.6,21.93,122.6,87.15,99.1,70.1,78.95,55.8,61.8,43.9,47.65,34.15,36.2,26.85,27.05,20.7,20.25,16.35,15.45,12.85,11.8,10.3,9.0,8.5,6.95,15749.9,15750.05,15740.15,15740.15,0
291,1655195760,109.25,21.91,120.85,88.9,97.35,71.4,77.5,57.0,60.35,45.0,46.6,35.2,35.4,27.5,26.35,21.4,19.7,16.8,14.95,13.25,11.4,10.65,8.65,8.75,6.7,15740.5,15740.55,15734.45,15736.95,0
292,1655195820,109.85,21.94,122.0,89.4,98.7,71.8,79.0,57.15,61.65,44.85,47.5,35.3,36.35,27.6,27.0,21.4,20.35,16.6,15.4,13.15,11.85,10.6,9.05,8.8,7.0,15737.05,15741.7,15736.1,15736.65,0
293,1655195880,109.65,21.94,121.7,88.95,98.3,71.4,78.55,57.1,61.2,44.8,47.35,35.2,35.9,27.6,26.75,21.3,20.0,16.55,15.2,13.05,11.65,10.5,8.85,8.7,6.9,15736.0,15740.4,15736.0,15738.0,0
294,1655195940,113.95,21.97,117.85,92.75,94.65,74.8,75.7,59.5,59.1,47.1,45.45,36.95,34.65,28.8,25.75,22.2,19.3,17.25,14.65,13.65,11.25,10.85,8.65,8.9,6.75,15737.4,15740.2,15732.2,15732.2,0
295,1655196000,118.45,22.07,113.05,96.85,90.5,78.4,72.15,62.8,56.15,49.8,43.5,39.15,32.75,30.6,24.55,23.65,18.5,18.55,14.0,14.6,10.75,11.75,8.25,9.6,6.4,15732.25,15732.25,15721.85,15723.4,0
296,1655196060,120.8,22.06,109.95,99.05,88.0,80.45,69.9,65.0,54.35,51.65,41.8,40.5,31.7,32.0,23.7,25.0,17.7,19.6,13.5,15.4,10.4,12.4,8.0,10.2,6.3,15722.7,15722.7,15710.95,15714.7,0
297,1655196120,125.0,22.1,105.55,102.95,84.0,83.4,66.45,67.2,51.6,53.7,39.5,42.5,30.0,33.4,22.3,25.95,16.7,20.35,12.65,16.25,9.85,13.0,7.65,10.65,6.05,15715.15,15718.85,15705.65,15706.45,0
298,1655196180,121.7,22.1,107.35,99.5,85.6,80.35,67.9,64.55,52.6,51.0,40.3,40.45,30.65,31.45,23.1,24.5,17.3,19.1,13.3,15.25,10.2,12.2,7.9,9.95,6.2,15706.25,15712.1,15706.25,15710.85,0
299,1655196240,126.95,22.09,102.5,104.25,81.3,84.4,64.35,68.05,49.7,54.1,38.05,42.8,28.85,33.8,21.65,26.3,16.25,20.55,12.45,16.15,9.7,12.9,7.6,10.55,6.0,15712.55,15715.3,15703.15,15703.7,0
300,1655196300,130.6,22.13,98.75,107.95,79.05,88.0,61.6,70.7,47.5,56.55,36.1,44.35,27.55,35.0,20.6,27.25,15.5,21.45,12.0,16.95,9.3,13.5,7.25,11.1,5.85,15703.95,15704.0,15692.0,15695.85,0
301,1655196360,128.9,22.13,101.5,106.3,81.15,86.35,63.9,69.6,49.4,55.75,37.8,43.85,28.8,34.55,21.55,27.0,16.2,21.15,12.4,16.55,9.6,13.2,7.5,10.75,6.0,15696.4,15708.45,15695.65,15701.65,0
302,1655196420,129.0,22.17,100.8,106.2,80.2,86.35,63.35,69.55,49.05,55.55,37.4,43.65,28.4,34.15,21.35,26.8,16.0,20.9,12.25,16.35,9.5,13.1,7.4,10.65,5.9,15701.6,15703.2,15697.15,15697.5,0
303,1655196480,128.2,22.12,102.5,105.45,81.6,85.65,64.4,69.0,49.9,55.1,38.35,43.15,29.15,33.85,21.95,26.25,16.45,20.5,12.6,16.05,9.75,12.75,7.5,10.2,5.95,15698.45,15704.15,15698.45,15700.0,0
304,1655196540,126.75,22.12,103.0,103.95,81.8,84.35,64.65,67.9,50.1,54.05,38.45,42.55,29.3,33.5,22.1,26.05,16.65,20.3,12.65,15.9,9.95,12.65,7.65,10.2,6.1,15700.4,15704.85,15697.7,15703.8,0
305,1655196600,128.1,22.1,101.05,105.5,80.4,85.7,63.1,68.8,48.95,54.75,37.55,43.0,28.5,33.65,21.4,26.1,16.1,20.45,12.35,15.95,9.65,12.45,7.55,9.95,6.0,15703.5,15703.9,15698.0,15698.95,0
306,1655196660,132.0,22.1,96.2,108.8,76.15,88.5,59.65,71.4,46.3,56.95,35.4,45.0,26.9,35.3,19.95,27.5,15.05,21.45,11.45,16.65,9.2,12.95,7.15,10.35,5.8,15698.95,15702.25,15691.75,15691.75,0
307,1655196720,135.5,22.11,94.7,112.15,74.15,91.25,58.6,73.7,45.1,59.1,34.55,46.0,26.3,36.25,19.9,28.4,15.0,22.1,11.45,17.15,9.0,13.45,7.05,10.7,5.7,15690.9,15690.9,15680.9,15681.85,0
308,1655196780,136.25,22.14,93.6,112.85,73.6,91.6,57.55,74.25,44.2,59.5,33.8,46.7,25.7,36.95,19.3,28.6,14.6,22.5,11.25,17.45,8.9,13.7,6.9,11.0,5.6,15681.85,15687.3,15680.15,15681.3,0
309,1655196840,134.5,22.15,94.15,111.05,74.25,90.6,58.15,72.7,44.75,58.3,34.2,46.1,26.0,36.35,19.6,28.3,14.75,22.1,11.35,17.4,8.9,13.55,6.95,10.9,5.6,15680.65,15687.15,15679.7,15685.2,0
310,1655196900,132.05,22.15,96.85,108.8,76.7,88.7,60.2,71.75,46.65,57.05,35.8,45.05,27.25,35.45,20.5,27.45,15.55,21.5,11.95,16.95,9.35,13.2,7.25,10.6,5.8,15685.05,15694.75,15682.75,15692.45,0
311,1655196960,127.95,22.08,100.1,104.85,79.55,85.3,62.3,68.7,48.65,54.5,37.35,42.9,28.6,33.65,21.5,26.05,16.3,20.35,12.5,15.9,9.75,12.25,7.5,9.8,6.0,15692.35,15703.45,15691.85,15700.0,0
312,1655197020,129.65,22.07,99.15,106.7,78.85,86.45,61.9,69.4,48.15,55.45,36.9,43.65,28.15,34.15,21.2,26.45,15.95,20.45,12.2,15.8,9.55,12.35,7.45,9.8,5.95,15700.45,15703.0,15698.55,15699.4,0
313,1655197080,132.7,22.12,98.2,109.5,77.9,89.2,60.85,71.8,47.35,57.35,36.55,44.9,27.5,35.4,20.7,27.35,15.7,21.45,11.95,16.6,9.4,12.8,7.25,10.15,5.8,15699.2,15699.9,15692.35,15695.1,0
314,1655197140,114.45,22.02,110.15,93.25,87.75,75.4,69.2,60.05,54.2,47.5,41.6,37.7,31.7,29.4,23.9,22.3,18.0,17.5,13.75,13.35,10.7,10.45,8.15,8.35,6.45,15695.5,15718.95,15695.5,15718.95,0
315,1655197200,111.45,21.97,113.8,90.4,91.15,72.6,71.5,57.55,55.8,45.4,43.15,35.25,32.95,27.45,24.9,21.15,18.8,16.25,14.45,12.45,11.1,9.6,8.6,7.65,6.75,15719.5,15731.85,15715.35,15725.65,0
316,1655197260,119.0,22.05,107.4,97.5,85.65,78.75,67.1,62.75,52.6,49.6,40.4,38.85,30.9,30.4,23.15,23.35,17.5,18.0,13.3,13.7,10.2,10.6,7.95,8.4,6.2,15725.95,15726.0,15716.5,15718.0,0
317,1655197320,123.9,22.1,101.45,101.7,80.75,82.35,62.85,65.9,48.85,52.4,37.4,41.15,28.3,32.3,21.15,24.75,15.8,19.15,12.05,14.6,9.3,11.35,7.25,8.95,5.75,15718.25,15718.45,15709.25,15709.25,0
318,1655197380,121.75,22.1,105.3,99.9,84.0,80.75,65.9,65.05,51.05,51.5,39.2,40.35,29.8,31.7,22.5,24.5,16.95,18.85,12.8,14.5,10.0,11.25,7.65,8.95,6.0,15710.15,15716.5,15709.0,15712.4,0
319,1655197440,123.35,22.11,103.85,101.05,82.5,82.0,64.8,65.6,50.35,52.25,38.65,41.0,29.35,32.0,22.0,24.75,16.5,19.05,12.7,14.65,9.75,11.45,7.6,9.0,6.05,15711.2,15713.85,15708.25,15711.55,0
320,1655197500,127.0,22.15,100.1,104.45,79.5,84.85,62.25,68.3,48.15,54.5,36.95,43.85,27.95,34.25,20.9,26.45,15.6,20.55,11.95,15.85,9.2,12.3,7.15,9.75,5.7,15711.4,15711.7,15701.25,15701.55,0
321,1655197560,123.9,22.14,104.1,101.85,82.9,82.65,65.1,66.7,50.45,53.05,38.7,41.85,29.25,32.6,21.9,25.15,16.3,19.5,12.45,15.15,9.55,11.7,7.35,9.4,5.85,15702.9,15710.2,15702.25,15708.95,0
322,1655197620,123.0,22.11,105.5,100.85,84.45,82.0,66.2,65.9,51.5,52.55,39.5,41.15,29.9,32.1,22.35,24.9,16.85,19.3,12.8,14.95,9.8,11.6,7.6,9.2,6.0,15709.3,15711.95,15709.0,15710.5,0
323,1655197680,119.25,22.06,107.45,97.65,85.6,78.85,67.4,62.95,52.2,49.95,40.05,39.1,30.45,30.55,22.85,23.5,17.0,18.2,13.0,14.0,10.0,10.85,7.65,8.5,6.0,15711.1,15714.4,15709.95,15713.9,0
324,1655197740,124.0,22.11,103.8,101.75,82.85,82.1,64.75,65.9,50.2,52.45,38.5,41.15,29.2,32.3,22.0,24.8,16.4,19.3,12.6,14.6,9.65,11.5,7.5,8.95,5.9,15713.8,15718.0,15708.5,15709.05,0
325,1655197800,125.15,22.12,101.4,102.85,80.45,83.65,62.9,67.1,48.5,53.35,36.95,42.1,27.9,33.05,20.75,25.8,15.55,19.95,11.85,15.5,9.15,11.85,7.05,9.45,5.65,15709.1,15709.1,15702.35,15703.5,0
326,1655197860,129.25,22.15,98.6,106.75,78.1,86.85,60.7,69.65,46.9,55.65,35.8,44.0,26.85,34.5,20.2,26.9,15.15,21.0,11.65,16.1,9.05,12.45,7.05,9.8,5.65,15703.8,15705.0,15696.9,15697.2,0
327,1655197920,127.8,22.11,100.6,105.15,79.75,85.3,62.6,68.5,48.35,54.45,36.85,42.95,28.0,33.6,21.0,26.05,15.85,20.2,12.1,15.4,9.45,11.95,7.25,9.35,5.75,15697.2,15703.9,15697.2,15701.15,0
328,1655197980,125.45,22.08,103.15,102.4,82.1,83.2,64.0,67.4,49.7,53.6,37.8,42.25,28.75,33.25,21.4,25.8,16.05,19.9,12.25,15.4,9.55,11.85,7.25,9.35,5.7,15701.05,15708.3,15701.05,15703.75,0
329,1655198040,124.9,22.06,104.65,102.0,83.1,82.85,65.1,67.0,50.5,52.75,38.4,41.8,29.3,32.5,21.95,25.3,16.55,19.55,12.6,15.0,9.75,11.5,7.5,9.1,5.85,15705.1,15712.15,15705.1,15707.4,0
330,1655198100,126.45,22.13,102.95,103.9,82.1,84.65,63.75,68.05,49.75,54.15,37.9,42.75,28.7,33.4,21.6,25.85,16.3,20.05,12.4,15.25,9.55,11.75,7.4,9.3,5.8,15707.0,15708.3,15701.65,15704.9,0
331,1655198160,124.4,22.11,104.4,102.2,83.25,82.8,65.25,66.35,50.65,52.85,38.9,41.95,29.45,32.5,22.05,25.05,16.65,19.4,12.65,14.85,9.75,11.4,7.5,9.0,5.9,15704.8,15712.45,15704.8,15707.55,0
332,1655198220,124.0,22.15,104.25,101.9,83.2,82.65,65.25,66.5,50.5,52.95,38.55,41.9,29.2,32.55,21.85,25.25,16.4,19.7,12.5,15.0,9.7,11.55,7.45,9.15,5.8,15707.0,15707.75,15696.1,15703.45,0
333,1655198280,126.35,22.17,100.85,104.0,80.9,84.4,62.5,68.0,48.3,54.0,37.0,42.85,27.85,33.5,21.1,25.9,15.9,20.0,12.05,15.3,9.45,11.6,7.25,9.1,5.65,15703.0,15705.55,15699.0,15699.0,0
334,1655198340,118.65,22.07,108.15,97.0,86.45,78.75,67.7,63.0,52.5,50.1,40.2,39.5,30.45,30.9,22.9,24.1,17.1,18.6,13.15,14.15,10.1,10.85,7.75,8.6,6.05,15697.7,15713.3,15695.85,15711.9,0
335,1655198400,121.0,22.03,106.0,99.1,84.15,79.9,65.95,63.7,51.05,50.5,39.25,39.5,29.8,31.0,22.5,23.9,16.95,18.5,12.85,14.1,9.95,10.75,7.7,8.3,6.0,15711.75,15721.35,15708.7,15709.45,0
336,1655198460,121.6,22.09,104.55,100.0,82.95,80.75,64.9,64.8,50.35,51.3,38.65,40.3,29.2,31.4,21.9,24.15,16.35,18.7,12.55,14.2,9.6,10.9,7.5,8.6,5.9,15708.65,15709.75,15700.55,15703.25,0
337,1655198520,118.8,22.06,106.5,97.55,85.0,78.7,66.5,63.3,51.35,50.25,39.45,39.6,29.9,31.15,22.25,23.95,16.75,18.5,12.7,14.1,9.75,10.9,7.45,8.65,5.85,15702.9,15713.85,15700.05,15711.5,0
338,1655198580,115.85,22.02,109.2,94.9,87.0,76.2,68.4,61.0,53.1,48.4,40.45,37.95,30.9,29.6,22.95,22.95,17.1,17.8,13.0,13.45,10.0,10.4,7.65,8.25,5.95,15710.7,15716.7,15706.35,15713.35,0
339,1655198640,116.65,22.03,108.8,95.4,86.8,77.0,68.1,61.6,52.85,48.8,40.3,38.3,30.7,30.05,23.15,23.1,17.15,18.0,13.0,13.7,9.95,10.5,7.7,8.4,5.9,15713.05,15718.5,15709.65,15715.95,0
340,1655198700,119.8,22.05,105.85,98.5,84.65,79.4,65.95,63.85,51.2,50.8,39.05,39.95,29.6,31.35,22.15,24.1,16.55,18.75,12.65,14.25,9.7,10.95,7.45,8.6,5.85,15715.75,15715.75,15707.25,15708.85,0
341,1655198760,121.8,22.06,103.25,99.8,82.1,80.9,64.15,64.7,49.6,51.5,38.0,40.45,28.65,31.5,21.35,24.35,16.05,18.8,12.1,14.3,9.35,11.0,7.2,8.65,5.6,15709.35,15709.75,15705.2,15705.2,0
342,1655198820,123.0,22.06,102.7,100.35,81.7,81.8,63.75,65.45,49.35,52.0,37.55,41.0,28.6,31.95,21.35,24.7,15.9,19.25,12.0,14.6,9.3,11.3,7.15,8.85,5.6,15705.7,15705.7,15699.7,15701.3,0
343,1655198880,124.9,22.08,101.2,102.25,80.3,83.0,62.85,66.7,48.65,53.05,37.05,42.05,28.1,32.85,21.0,25.55,15.75,19.8,11.9,15.15,9.2,11.6,7.1,9.1,5.55,15701.55,15703.15,15697.45,15697.95,0
344,1655198940,124.8,22.04,101.9,102.4,80.75,83.1,63.25,66.45,48.95,53.0,37.3,41.6,28.25,32.65,21.2,25.15,15.8,19.5,12.0,14.95,9.25,11.4,7.1,9.0,5.55,15698.15,15705.75,15697.4,15699.05,0
345,1655199000,120.2,22.04,104.9,98.35,83.05,79.25,65.3,63.55,50.8,50.4,38.75,39.6,29.3,30.75,21.9,23.8,16.4,18.3,12.45,14.0,9.6,10.8,7.4,8.45,5.75,15698.35,15711.8,15696.95,15706.7,0
346,1655199060,117.6,22.0,106.75,95.9,84.9,77.05,66.7,61.2,51.85,48.8,39.65,38.0,30.1,29.6,22.6,22.7,16.9,17.55,12.8,13.35,9.75,10.35,7.6,8.15,5.8,15706.55,15712.15,15702.65,15712.15,0
347,1655199120,113.8,21.94,109.45,93.1,87.0,74.4,68.5,59.65,53.05,47.1,40.75,36.9,30.95,28.6,23.2,22.0,17.4,16.95,13.05,12.95,9.95,10.0,7.6,7.9,5.9,15712.6,15716.65,15709.9,15716.65,0
348,1655199180,115.4,21.87,108.35,94.1,86.15,75.55,67.8,60.45,52.8,47.8,40.5,37.6,30.9,29.35,23.2,22.6,17.3,17.5,13.0,13.3,9.95,10.2,7.6,7.95,5.9,15716.95,15729.9,15716.95,15717.9,0
349,1655199240,119.65,21.96,104.5,97.65,83.05,78.5,65.25,62.75,50.45,49.85,38.95,38.95,29.55,30.25,22.05,23.2,16.45,17.9,12.45,13.65,9.45,10.5,7.3,8.3,5.65,15717.6,15718.5,15699.8,15710.3,0
350,1655199300,114.2,21.96,108.4,93.05,86.2,74.9,67.95,59.6,52.75,46.95,40.4,36.8,30.5,28.75,22.85,22.05,16.95,17.05,12.75,13.05,9.65,10.0,7.4,7.9,5.65,15711.35,15714.4,15707.85,15713.7,0
351,1655199360,111.3,21.92,112.1,89.85,89.0,72.65,70.15,57.6,54.35,45.3,41.2,35.45,31.2,27.6,23.25,21.3,17.2,16.45,12.8,12.5,9.7,9.65,7.35,7.65,5.6,15714.4,15720.6,15712.9,15720.6,0
352,1655199420,114.15,21.93,109.8,93.05,87.5,74.65,68.75,59.8,53.25,47.25,40.65,36.9,30.7,28.8,22.9,22.2,16.9,17.15,12.6,12.95,9.5,10.0,7.25,7.85,5.6,15720.9,15722.05,15717.0,15717.55,0
353,1655199480,111.15,21.92,111.05,90.5,88.45,72.4,69.5,58.0,53.65,45.7,40.95,35.6,30.9,27.8,23.0,21.25,17.1,16.5,12.7,12.55,9.6,9.6,7.3,7.6,5.55,15717.55,15719.8,15714.35,15719.8,0
354,1655199540,113.75,21.92,109.15,92.65,86.6,74.55,68.05,59.55,52.65,47.15,40.2,36.9,30.4,28.85,22.75,22.0,16.8,17.0,12.6,12.9,9.55,9.85,7.25,7.75,5.65,15719.7,15727.05,15719.7,15720.4,0
355,1655199600,112.9,21.91,111.7,91.85,89.0,74.1,69.95,59.15,54.15,46.95,41.25,36.75,31.2,28.45,23.2,21.9,17.15,16.9,12.9,12.8,9.7,9.9,7.4,7.6,5.75,15720.0,15724.55,15718.4,15719.5,0
356,1655199660,110.15,21.88,112.65,89.7,89.85,71.5,70.5,57.1,54.45,44.8,41.7,35.0,31.45,27.05,23.3,20.75,17.3,16.0,12.95,11.95,9.8,9.25,7.4,7.25,5.75,15719.5,15726.35,15719.5,15724.55,0
357,1655199720,111.15,21.89,111.25,90.35,88.3,72.0,69.45,57.6,53.45,45.35,40.95,35.2,30.85,27.3,23.0,20.9,16.95,16.0,12.75,12.0,9.6,9.25,7.35,7.25,5.75,15724.5,15725.45,15720.95,15722.75,0
358,1655199780,112.05,21.9,110.3,91.4,87.85,73.25,69.05,58.65,53.4,45.95,40.65,36.0,30.7,27.9,22.85,21.35,16.95,16.45,12.55,12.25,9.55,9.45,7.25,7.25,5.7,15722.75,15724.15,15721.5,15722.0,0
359,1655199840,110.9,21.9,111.5,90.25,88.8,72.45,69.75,57.85,53.95,45.45,41.0,35.55,30.85,27.6,22.95,21.15,16.9,16.3,12.55,12.35,9.4,9.5,7.15,7.35,5.65,15722.2,15723.05,15718.55,15722.5,0
360,1655199900,109.1,21.87,114.85,88.7,91.85,71.55,72.35,56.85,55.8,45.0,42.75,35.25,31.95,27.45,23.7,20.85,17.3,16.05,12.85,11.95,9.7,9.2,7.35,7.15,5.7,15722.2,15728.5,15718.3,15728.1,0
361,1655199960,108.95,21.85,115.5,88.8,92.65,71.35,73.15,56.9,56.75,44.9,43.2,35.0,32.45,27.1,24.0,20.65,17.45,15.95,12.9,11.85,9.75,9.2,7.4,7.1,5.7,15729.4,15729.95,15726.05,15729.55,0
362,1655200020,104.3,21.79,121.55,84.75,97.75,67.75,77.8,54.0,60.8,42.5,46.25,33.0,35.1,25.4,25.95,19.45,19.05,14.85,14.1,11.15,10.5,8.55,7.95,6.6,6.1,15730.65,15740.5,15730.65,15740.1,0
363,1655200080,99.1,21.83,128.35,80.5,103.65,64.4,82.4,51.2,64.85,40.25,49.75,31.25,37.95,24.35,28.2,18.55,20.8,14.25,15.45,10.8,11.5,8.3,8.75,6.55,6.65,15740.65,15751.2,15738.95,15749.25,0
364,1655200140,101.9,21.79,124.45,82.5,100.55,65.95,79.6,52.6,62.1,41.3,48.0,32.05,36.15,24.95,27.2,19.0,19.95,14.6,14.65,11.0,11.0,8.4,8.35,6.45,6.3,15750.8,15752.55,15745.95,15745.95,0
365,1655200200,103.95,21.8,123.2,84.55,98.95,67.9,78.6,53.95,61.5,42.55,47.2,33.2,35.55,25.6,26.4,19.45,19.35,15.0,14.4,11.3,10.7,8.65,8.15,6.65,6.2,15747.9,15748.25,15738.55,15738.55,0
366,1655200260,103.4,21.81,123.6,84.0,99.15,67.0,79.0,53.55,61.45,42.05,47.05,32.6,35.5,25.3,26.55,19.4,19.4,15.0,14.4,11.25,10.75,8.6,8.15,6.6,6.15,15741.05,15748.0,15739.85,15746.2,0
367,1655200320,100.65,21.79,127.6,81.6,102.3,65.4,81.1,52.25,63.2,41.0,48.65,32.1,36.45,24.9,27.2,19.15,19.85,14.6,14.55,10.95,10.8,8.55,8.05,6.6,5.95,15746.0,15751.45,15745.3,15751.45,0
368,1655200380,103.05,21.81,125.85,83.9,100.85,67.55,80.5,53.75,62.45,42.45,47.95,33.1,36.05,25.8,26.75,19.65,19.6,15.1,14.35,11.35,10.65,8.7,7.9,6.85,6.0,15750.85,15750.85,15745.8,15749.3,0
369,1655200440,102.75,21.83,126.45,83.65,101.9,67.5,81.1,53.55,63.05,42.75,48.45,33.05,36.4,26.25,27.2,19.85,19.8,15.4,14.5,11.7,10.85,9.0,8.0,7.05,6.05,15749.15,15749.15,15744.15,15747.8,0
370,1655200500,104.8,21.88,124.55,85.6,100.0,69.15,79.45,55.3,61.8,43.9,47.25,34.4,35.85,27.05,26.65,20.85,19.5,16.15,14.3,12.3,10.55,9.45,7.75,7.35,5.8,15748.15,15748.8,15744.65,15746.1,0
371,1655200560,105.5,21.92,124.0,86.3,99.5,69.8,79.3,55.85,61.55,44.3,47.05,34.75,35.6,27.4,26.4,21.1,19.35,16.5,14.1,12.6,10.4,9.6,7.7,7.65,5.75,15746.8,15747.2,15743.2,15743.2,0
372,1655200620,107.65,21.92,122.45,88.3,97.95,71.55,77.75,57.4,60.65,45.4,46.05,35.9,34.8,28.05,25.8,21.7,18.7,16.9,13.8,12.8,10.1,9.9,7.5,7.7,5.65,15743.95,15744.25,15740.45,15740.9,0
373,1655200680,108.75,21.92,120.85,88.9,96.5,72.0,76.45,57.55,59.3,46.0,45.25,36.1,34.05,28.15,24.95,21.85,18.3,17.1,13.6,12.9,10.1,10.1,7.5,7.9,5.75,15741.15,15741.7,15731.9,15733.15,0
374,1655200740,107.0,21.97,120.45,87.85,98.0,70.0,77.0,56.0,61.0,44.25,46.9,34.0,35.0,28.0,25.75,21.85,19.0,17.8,13.75,13.25,10.55,10.5,7.7,9.15,5.9,15735.0,15741.95,15731.45,15741.95,0
